userId,gender,name
1,Man,万水萍
2,Man,钱国岗
3,Man,张鸿彦
6,Man,汪倩君
7,Man,高斯
9,Man,郭晓字
13,Man,石晨瑶
14,Man,柳春娣
16,Man,庄金华
17,Man,杨建政
18,Man,崔建银
20,Man,刘泊鹏
23,Man,周凌锋
25,Man,沈旭萦
31,Man,丛中虎
34,Man,郄秀俊
35,Man,梅江
38,Man,王贤春
42,Man,骆理学
43,Man,何F
44,Man,藏宝兰
45,Man,杨正铭
47,Man,薛文爽
48,Man,唐云晓
54,Man,庄月辉
55,Man,管莹菲
56,Man,干爱兰
59,Man,柳承翰
61,Man,孔凡战
64,Man,汪婷莉
66,Man,步子文
67,Man,高胜寒
68,Man,邢骁涵
70,Man,贾子玮
71,Man,陈息保
73,Man,罗维东
75,Man,顾洪雷
80,Man,李献周
81,Man,仲义
82,Man,穆翮
83,Man,杨宁霞
84,Man,赵云会
86,Man,邓训雷
87,Man,阮秀媚
88,Man,晏开美
89,Man,谢红莲
90,Man,苏杰
92,Man,司马艳
93,Man,郜琪恩
94,Man,徐春拓
95,Man,章乐辉
96,Man,宜燕
97,Man,贺长俊
98,Man,罗夏钦
102,Man,赵碧科
103,Man,方明来
105,Man,龚明军
107,Man,董小玫
108,Man,喻璐
109,Man,俞东毅
115,Man,沈滢佳
116,Man,许惠
117,Man,院华
120,Man,罗小利
123,Man,徐思扬
125,Man,汤茂田
126,Man,魏玖明
127,Man,周津津
129,Man,颜碧炎
131,Man,宋唯强
132,Man,寿向晨
134,Man,林民兴
135,Man,王至晨
140,Man,史霖炜
145,Man,齐逍怡
146,Man,伞有利
149,Man,袁朝祥
152,Man,桂怀千
153,Man,傅海扬
155,Man,丁嘉峻
157,Man,凌大成
159,Man,龙敦源
160,Man,郑大路
162,Man,杨楠
163,Man,孙传滨
166,Man,郭爱莉
169,Man,董晓慧
170,Man,陶仁昌
171,Man,宇啸
172,Man,徐维旎
175,Man,邱立雯
176,Man,黄源军
181,Man,罗峰奇
184,Man,刘家喜
185,Man,沈瑞
189,Man,周青馗
196,Man,黄艳林
198,Man,汤启录
199,Man,吴成洁
200,Man,孔丽琛
201,Man,郑乐喜
204,Man,俞庆珍
205,Man,李亢骋
213,Man,谭丽蓓
218,Man,严敏
220,Man,鹿婷婷
223,Man,黄加佳
224,Man,叶江平
226,Man,潘宏伟
229,Man,许璐斌
231,Man,麦洁卿
232,Man,相忠军
234,Man,安惠群
235,Man,余吴梦晓
239,Man,郁长冬
243,Man,包绪鸣
244,Man,喻一村
246,Man,辛永德
249,Man,向可伟
252,Man,刘几利
255,Man,柴钰洁
256,Man,韩延鑫
258,Man,钟点陈建琳
259,Man,厉敏慧
260,Man,何毅
261,Man,邓胶
262,Man,韩炳信
263,Man,闫顺奇
266,Man,郭道闽
268,Man,温小雷
269,Man,张润泽
275,Man,史进
283,Man,何海寅
284,Man,祁垢
287,Man,宋诗凯
290,Man,谢凤红
292,Man,熊超生
297,Man,袁丽珠
299,Man,邵洪跃
300,Man,香劲松
301,Man,孙士贤
302,Man,张海雨
306,Man,矫晓晓
307,Man,卢喜森
309,Man,陈美宝
310,Man,金英宏
311,Man,张荣初
312,Man,卢静静
314,Man,备用
317,Man,陈永富
319,Man,杨聆汐
322,Man,欧阳亦守
324,Man,滕熙茂
327,Man,周烨萍
328,Man,胡度明
329,Man,白士琳
332,Man,黎姗
334,Man,辛美晓
336,Man,汪佳男
337,Man,种红军
338,Man,药振兵
342,Man,周橹
344,Man,贾理娥
348,Man,汪宏本
349,Man,马良柱
350,Man,焦梁
352,Man,张昕荣
354,Man,颜小汀
356,Man,万惟华
357,Man,李经威
358,Man,乔清岩
359,Man,鞠长君
360,Man,王煦宏
362,Man,王敬昭
365,Man,孙翻恒
368,Man,余德新
372,Man,黄初平
374,Man,陈敬举
375,Man,杨绍群
378,Man,刘江兴
380,Man,薛志勇
381,Man,狄建萍
383,Man,吴丹妮
385,Man,陶田华
387,Man,罗小米
389,Man,谢林华
390,Man,夏正炜
391,Man,朱春伢
393,Man,杨幼帆
394,Man,朱艳虹
395,Man,唐朝旺
396,Man,戎凤琴
398,Man,李宏静
399,Man,漆振霆
400,Man,郁志新
401,Man,徐伟泽
409,Man,付蔼花
410,Man,詹勤亮
411,Man,孙御名
414,Man,曾世彤
415,Man,林建嘉
417,Man,孙作述
421,Man,冯勰
422,Man,周润田
423,Man,段奇彦
424,Man,吴福收
425,Man,张镇夫
426,Man,吴镐成
427,Man,练威
429,Man,俞大北
432,Man,柯令
434,Man,钟点曹锋
435,Man,任一鸣
438,Man,许波静
439,Man,赵子武
440,Man,栾爽
441,Man,翟兴文
448,Man,罗利刚
451,Man,包满娣
453,Man,逄忠东
458,Man,梅子满
462,Man,邓招义
463,Man,路才生
467,Man,柏念巧
470,Man,杨新星
471,Man,秦成武
473,Man,闻晓彤
474,Man,米占文
475,Man,刘仁英
482,Man,李许利
483,Man,王余峰
486,Man,刘月柏
489,Man,颜崇明
491,Man,官文君
492,Man,张
495,Man,柴越岭
496,Man,吴禹萱
498,Man,唐孔德
499,Man,肖海瑛
501,Man,王英举
503,Man,瞿朋
504,Man,戴分宏
507,Man,融越峰
511,Man,张林玉
512,Man,霍苗
514,Man,任怀祥
516,Man,武良辰
517,Man,赵士洋
519,Man,崔文田
521,Man,曹宇雷
525,Man,郭廷仁
526,Man,浦秀婷
528,Man,高伟立
529,Man,谢卓钦
530,Man,闫桂珠
531,Man,童文
532,Man,曹素苹
533,Man,温素招
536,Man,兰桢
541,Man,何红曾
546,Man,伊美玲
548,Man,徐云菲
549,Man,曹将彬
552,Man,谭广珍
554,Man,顾件斌
555,Man,张守珍
557,Man,华继彬
558,Man,李继环
560,Man,朱占卿
564,Man,柴莉莉
569,Man,郑昌香
570,Man,岳秀生
572,Man,陈润环
575,Man,林智轶
577,Man,王安霞
578,Man,丁涵琴
579,Man,孙逸平
581,Man,赵明达
582,Man,魏代祥
583,Man,秦建庆
584,Man,郑长命
587,Man,徐逸宁
588,Man,洪建安
589,Man,陈立秋
590,Man,陆晓星
591,Man,黄宣跃
592,Man,张星育
593,Man,苗爱斌
595,Man,胡羡关
597,Man,代振宏
598,Man,欧阳园
599,Man,陆武杰
600,Man,徐恩年
601,Man,樊树全
602,Man,潘树启
604,Man,陈昭梅
607,Man,谭福志
612,Man,董中能
613,Man,印德朋
614,Man,葛建洪
619,Man,王雪B
621,Man,武榆文
622,Man,王卓智
623,Man,汪心静
628,Man,赵苏朋
630,Man,苏智慧
631,Man,雒伸祥
633,Man,赵成琪
635,Man,耿京华
643,Man,魏阿莉
644,Man,许赛珍
645,Man,肖文韬
647,Man,陈复联
649,Man,豆少博
650,Man,杨荔
652,Man,庄舟
655,Man,潘厨
656,Man,潘翠干
657,Man,詹学敏
659,Man,余飞白
660,Man,王启仪
663,Man,项高岳
665,Man,郭保光
666,Man,姜富春
667,Man,黄港忠
668,Man,虞德兴
671,Man,乌日吉夫
673,Man,王苏坚
675,Man,杨四化
678,Man,补永纲
680,Man,徐少飞
681,Man,睢艳宁
682,Man,王宁保
689,Man,王洪镇
690,Man,李绍忠
695,Man,薛佃永
696,Man,印洪达
697,Man,温爱平
699,Man,张淑榆
702,Man,周传x
704,Man,阿布力孜米吉提
705,Man,杨经森
706,Man,季登国
707,Man,辛嘉铭
709,Man,吴厚文
710,Man,冯卫营
711,Man,折金凤
713,Man,徐茹
715,Man,梁玉超
716,Man,钱海梅
722,Man,马晨颖
723,Man,周作桃
724,Man,张弼城
727,Man,赵心
728,Man,娄绍金
730,Man,鲁志刚
731,Man,孙冰霄
732,Man,野媛媛
733,Man,魏垂波
734,Man,吕锭锭
735,Man,马向君
736,Man,于合兴
737,Man,吕岩炎
739,Man,万纪刚
742,Man,朱颖琛
744,Man,董立志
745,Man,尚雪菲
747,Man,孙珍珠
748,Man,刘海博
749,Man,袁合林
752,Man,刘丰顺
753,Man,吴庆虹
754,Man,杜淦坤
755,Man,陈婷玮
758,Man,承子畅
759,Man,汤双慈
761,Man,胥钢
763,Man,邱大悦
764,Man,王钱明
765,Man,吴善吉
767,Man,赵冬朋
769,Man,姜修伟
770,Man,康平原
776,Man,罗友刚
777,Man,管巧英
782,Man,阮琰峰
785,Man,蒲春荣
786,Man,高省军
789,Man,邢爱林
792,Man,柯峥
795,Man,黄利群
797,Man,江长翰
798,Man,戚华荣
800,Man,章波启
801,Man,凌正纭
802,Man,傅迪飞
805,Man,汪春火
810,Man,任恒星
811,Man,陈扬晶
817,Man,时一丁
819,Man,孟琮怡
821,Man,李传孟
824,Man,叶书琼
826,Man,陈仁清
827,Man,阮玲娣
829,Man,肖厚年
830,Man,孙丽松
834,Man,龚娟英
837,Man,廖莉芳三博
838,Man,郑会斌
839,Man,邢继泉
840,Man,李红维
842,Man,刘遵翔
845,Man,唐宇英
848,Man,徐子钦
849,Man,黄郜
851,Man,贾晓璇
854,Man,唐坤闲
856,Man,单日国
857,Man,匡奇
858,Man,温琼
859,Man,刘美杨
860,Man,沈萌萌
861,Man,徐晓荣
862,Man,曾子沁
864,Man,彭吉艳
865,Man,李心目
867,Man,凡兴振
868,Man,葛轶凡
869,Man,容志君
870,Man,严建龙
878,Man,许行龙
879,Man,蔡冬弟
880,Man,罗萱
881,Man,宋大禹
882,Man,尹众
884,Man,殷伟力
887,Man,卢小青
889,Man,薛娟虹
892,Man,吴士健
894,Man,马从等
895,Man,皮边珠
897,Man,王斌妮
902,Man,黄博学
903,Man,郭晓燕
908,Man,蔡风雷
912,Man,魏华虎
913,Man,沈孝观
914,Man,殷玺
916,Man,王成和
917,Man,於杨秋
919,Man,温孟德
921,Man,罗阿妮
926,Man,龙定竹
927,Man,师俊安
931,Man,关城
933,Man,汤惠中
934,Man,石满胜
936,Man,但诚
937,Man,邹昕奕
939,Man,顾陆洋
940,Man,于丹杨
941,Man,邱金松
942,Man,何进君
946,Man,黄土胜
947,Man,方跃信
951,Man,周公明
953,Man,郑妹仔
957,Man,李诗玫
958,Man,金腾腾
959,Man,乐琳波
960,Man,郑艳佳
962,Man,张诚裙
970,Man,吴亚麟
971,Man,胡芬维
972,Man,陈洪林
975,Man,刘超群
976,Man,卜庆
979,Man,瞿建玉
980,Man,宣东波
982,Man,丰延林
983,Man,刘酩
984,Man,范文雅
986,Man,黄友戌
987,Man,完力
992,Man,刘登楼
993,Man,梁文栩
994,Man,周廷玺
995,Man,谢海明
996,Man,弓隧
997,Man,邹宏辉
999,Man,吴祥麒
1000,Man,赵朝刚
1003,Man,王炳众
1004,Man,梁麟辉
1005,Man,吴秋钟
1008,Man,朱村峰
1010,Man,杜鹏霞
1012,Man,徐小科
1013,Man,张乃伦
1015,Man,史雪洋
1016,Man,綦国兴
1023,Man,马纯波
1025,Man,龙厚勇
1027,Man,阳艾
1029,Man,海兴禄
1031,Man,朴素英
1035,Man,范松
1036,Man,俞杭斌
1038,Man,康泽政
1040,Man,邹赫
1043,Man,朱平超会
1045,Man,吕家川
1046,Man,汤紫露
1048,Man,柯淮滨
1053,Man,黄元琢
1056,Man,陶国洪
1059,Man,白植洪
1060,Man,戴海港
1061,Man,王玉林
1063,Man,欧听泉
1064,Man,郭小忆
1065,Man,石海洲
1068,Man,严红娥
1070,Man,钟新堂
1071,Man,冯霹
1072,Man,王忠良
1073,Man,熊佰强
1081,Man,陆松龄
1082,Man,蔡方豪
1083,Man,陈齐美
1084,Man,王长燕
1085,Man,杜攀登
1087,Man,袁双山
1088,Man,彭俊光
1089,Man,薛偕辉
1090,Man,郑龚
1093,Man,涂春蓉
1094,Man,史明春
1096,Man,周振银
1097,Man,韩应兰
1100,Man,卢法桃
1102,Man,史剑辉
1103,Man,梁扬
1104,Man,张晟焱
1109,Man,时冬冬
1110,Man,补桂华
1113,Man,傅佶
1117,Man,段永艳
1119,Man,韩启梁
1121,Man,虞兴君
1122,Man,任立岩
1123,Man,邓美风
1124,Man,周杏娟
1128,Man,苏和跃
1129,Man,谢璞
1132,Man,乔红晓
1134,Man,张豪华
1135,Man,孙鸿晶
1139,Man,曹国信
1140,Man,倪云璐
1141,Man,林柏好
1143,Man,刘凤勤
1144,Man,张善廷
1151,Man,李敏捷
1153,Man,姚富伟
1157,Man,蒋智同
1158,Man,贺h蓓
1164,Man,常丽萍
1166,Man,樊俊辉
1169,Man,王满兴
1171,Man,黄帮峰
1174,Man,罗夭佑
1175,Man,贾英明
1176,Man,吴铁祥
1178,Man,包乌英
1179,Man,邸维玉
1180,Man,邵琼瑶
1181,Man,申上S
1184,Man,徐中祥
1186,Man,温劲林
1191,Man,张修梅
1192,Man,云文博
1193,Man,乐因政
1194,Man,楼非
1195,Man,浦原峰
1196,Man,朱亦彬
1197,Man,乔四强
1198,Man,余
1200,Man,李春志
1201,Man,李克桥
1202,Man,叶粤
1208,Man,肖连帮
1209,Man,黄锦方
1211,Man,舒再林
1212,Man,滕杰思
1213,Man,杨学雨
1215,Man,武贵宜
1217,Man,徐江华
1218,Man,刘士涛
1219,Man,余金煌
1221,Man,黄惠海
1222,Man,郑克龙
1223,Man,李效弟
1225,Man,奚泉
1228,Man,乔弟
1229,Man,龚兴庭
1230,Man,蔡琴花
1234,Man,黄心苇
1235,Man,汤王华
1239,Man,王槐兴
1241,Man,董长柯
1243,Man,刘苑苑
1244,Man,臧洪臻
1246,Man,梁美胜
1247,Man,张仁玉
1251,Man,贺大赞
1252,Man,胡九方
1253,Man,洪凤翠
1254,Man,孙富林
1256,Man,肖博晓
1259,Man,邹雪群
1260,Man,黄昌怀
1261,Man,万雪永
1265,Man,郝勤功
1267,Man,廖又立
1268,Man,毛代红
1273,Man,刘强干
1274,Man,董源明
1275,Man,李路川
1276,Man,潘芹芹
1278,Man,贾丰轶
1279,Man,王衡泽
1281,Man,蒋有林
1282,Man,曾召柱
1283,Man,马任遥
1285,Man,郭凤金
1286,Man,单晓曼
1287,Man,曹婷玉
1288,Man,李文枷伊
1289,Man,何利山
1290,Man,何振强
1291,Man,郝秋菊
1292,Man,景在群
1293,Man,樊建柱
1294,Man,王冷菱
1296,Man,张雪峰
1297,Man,王绥露
1298,Man,殷家栋
1300,Man,赵梦丽
1301,Man,姜世安
1302,Man,范晓欧
1303,Man,夏银国
1305,Man,羊依智
1309,Man,余泽细
1314,Man,王纯刚
1315,Man,张超静
1320,Man,郭世成
1321,Man,罗智明
1322,Man,徐淦华
1324,Man,任韩燕
1325,Man,黄岳泰
1326,Man,邹利国
1330,Man,赵开珍
1332,Man,胡三超
1333,Man,武银平
1334,Man,酆歌阑
1335,Man,吴保亚
1339,Man,众李想
1340,Man,曹西荣
1342,Man,杨志琴
1344,Man,沙鹏超
1346,Man,王宏国
1347,Man,韩桃燕
1352,Man,陆怀阳
1354,Man,张戍红
1355,Man,甘恺
1357,Man,田毓娥
1361,Man,陈公任
1362,Man,罗理军
1363,Man,孙南霆
1364,Man,安琛
1366,Man,翟明华
1369,Man,刘茂吉
1371,Man,薛文珍
1379,Man,倪王豪
1380,Man,李琼生
1381,Man,袁绍婷
1382,Man,卜玉兰
1383,Man,王其瑞
1385,Man,付跃军
1386,Man,阿不都热扎克赛买提
1387,Man,江科
1390,Man,杨权华
1394,Man,林旭熙
1395,Man,施家棋
1396,Man,陶天炳
1397,Man,潘凯洁
1398,Man,余金娣
1399,Man,侯文瑞
1400,Man,吴晨瑞
1401,Man,吴违
1403,Man,徐根水
1404,Man,余淑姣
1405,Man,张茂志
1409,Man,何永安
1412,Man,樊海光
1416,Man,邬忆琛
1421,Man,贾先锋
1426,Man,熊一玲
1427,Man,夏晨磊
1428,Man,远菲菲
1436,Man,苏玉红
1438,Man,张益水
1440,Man,庞子艺
1441,Man,史雪韵
1443,Man,鲁发贵
1446,Man,刘吉无
1447,Man,李佳岚
1448,Man,淳洁
1449,Man,徐鼎迪
1452,Man,舒彦桦
1453,Man,莫健东
1454,Man,章凌野
1456,Man,巫连城
1457,Man,梁衍森
1458,Man,党金霞
1460,Man,楼永根
1462,Man,叶春福
1468,Man,汪冬妹
1469,Man,孙宜武
1470,Man,张达艺
1471,Man,商永澄
1473,Man,许鹭涛
1475,Man,戴峰琰
1476,Man,江希伙
1477,Man,赵燕飞
1480,Man,徐迎久
1485,Man,倪进培
1487,Man,章俊颖
1488,Man,钢勇
1490,Man,何梅女
1491,Man,赵洁维
1494,Man,王亨
1495,Man,上海船代
1497,Man,余佳欣
1498,Man,苗海翔
1499,Man,赵方阳
1502,Man,陈华蓓
1504,Man,周建舟
1508,Man,姚稷
1510,Man,李高能
1511,Man,战俊
1512,Man,江汾玲
1514,Man,刘天天
1518,Man,孙益稳
1520,Man,朱培农
1521,Man,盛国荣
1522,Man,雷原竹
1524,Man,王擦争
1525,Man,方慧华
1526,Man,辛华伟
1527,Man,关红海
1528,Man,石博引
1529,Man,养胃
1530,Man,刘文思
1531,Man,刘春妍
1532,Man,朱簧皎
1533,Man,吴仁森
1534,Man,田宇龙
1537,Man,黄岳军
1538,Man,郑贺民
1542,Man,李最蔓
1543,Man,张生红
1545,Man,牟言格
1546,Man,蒋朋琴
1549,Man,关健勇
1555,Man,付亿
1556,Man,张鹏凯
1557,Man,吴美文
1559,Man,马玉粉
1561,Man,卢一涛
1564,Man,成诗意
1565,Man,王相才
1566,Man,蔡宸曦
1568,Man,叶毅洁
1570,Man,明菊华
1571,Man,黄坪
1572,Man,林国平
1577,Man,王思谡
1578,Man,顾熙君
1579,Man,曲健伟
1581,Man,尹站魁
1587,Man,肖爱群
1588,Man,江恩妙
1589,Man,汤鲁平
1590,Man,甘鹏亮
1594,Man,许海慧
1596,Man,沈忠杰
1597,Man,朱丹虹
1599,Man,单利春
1600,Man,莫清荣
1601,Man,姚仁粉
1602,Man,杜小康
1603,Man,舒友文
1604,Man,步志安
1606,Man,曲瑞芬
1609,Man,杨培进
1610,Man,乔丁宏
1611,Man,曹丹阳
1613,Man,赵显瑜
1614,Man,邢宇雄
1615,Man,姜伏泉
1616,Man,陶联悦
1618,Man,宋留月
1620,Man,章燕云
1623,Man,雯磊
1624,Man,张娅军
1625,Man,项兴君
1627,Man,窦世维
1628,Man,李凯墉
1629,Man,程爱国
1630,Man,孔敬园
1631,Man,卞保取
1632,Man,方其根
1639,Man,肖以凯
1641,Man,李蕴菲
1642,Man,蔡朋群
1643,Man,常已琼
1644,Man,昝
1646,Man,金子卓
1648,Man,黄溢波
1652,Man,范璐
1654,Man,潘震
1656,Man,丁少宏
1657,Man,吴乃富
1659,Man,初贵阳
1665,Man,叶小将
1666,Man,章林杰
1668,Man,陆骏先
1670,Man,彭清源
1671,Man,戴培诚
1673,Man,郭霞丽
1674,Man,黄秀娣
1675,Man,邢德恒
1678,Man,马孝艾
1679,Man,龙发秀
1680,Man,秦冗浩
1681,Man,刘进禧
1682,Man,柴静芝
1686,Man,齐越萌
1687,Man,翁良国
1690,Man,常子丰
1691,Man,牛羽馨
1692,Man,施大同
1693,Man,朱广韧
1701,Man,王从发
1702,Man,赵义民
1704,Man,郅卫龙
1705,Man,张树刚
1708,Man,潘一峰
1709,Man,陈狄阳
1712,Man,戚刚义
1713,Man,廖松清
1715,Man,房永超
1718,Man,李明佐
1719,Man,豆丽军
1722,Man,李峡舟
1723,Man,杨峙峰
1724,Man,柴秀勇
1725,Man,张芳英
1727,Man,康泰盛
1729,Man,邹定利
1731,Man,段昊隽
1732,Man,杨潇凭
1734,Man,史松庆
1735,Man,王垠荐
1737,Man,史银玺
1739,Man,喻志清
1740,Man,赵申
1741,Man,申旭阔
1744,Man,纪荷英
1745,Man,江昊君
1746,Man,张臣萍
1747,Man,宁先鹏
1753,Man,安志会
1754,Man,赖潮芳
1756,Man,孙时寿
1757,Man,王一安
1758,Man,雷长成
1759,Man,齐萍雅
1762,Man,罗离
1765,Man,蔡耀娟
1766,Man,杨想享
1771,Man,唐林平
1772,Man,晁瑾莹
1773,Man,吴云勇
1777,Man,姜凤珍
1779,Man,薛煜祥
1781,Man,丁兆勇
1782,Man,雷成操
1783,Man,石征盛
1787,Man,周爱昌
1788,Man,张登信
1792,Man,曹安娣
1793,Man,郁希平
1794,Man,汪祥波
1796,Man,柴玉才
1802,Man,郭比咖钟
1803,Man,董利特
1805,Man,朱崇自
1807,Man,赵娅丽
1808,Man,杨锦科
1812,Man,禹永敏
1813,Man,皮瑶瑶
1814,Man,谢伯宽
1816,Man,江照富
1818,Man,吕燕膛
1819,Man,夏濠
1824,Man,王中芒
1825,Man,闫优良
1826,Man,杨发民
1827,Man,孙尚龙
1829,Man,夏益兵
1832,Man,奕斌
1834,Man,商中敏
1836,Man,李庆雨
1837,Man,盛海伟
1838,Man,张涌宜
1840,Man,张五香
1841,Man,浦永峰
1842,Man,张映澜
1844,Man,顾雅兰
1845,Man,陆金宇
1850,Man,刘淑莲
1852,Man,顾绮文
1853,Man,鲁启敏
1854,Man,王伟庄
1855,Man,展晓岭
1856,Man,秦雨童
1860,Man,太太乐范和省
1862,Man,舒特鹏
1869,Man,郭春凯
1870,Man,边冬雪
1871,Man,熊盛梨
1874,Man,梁吉辉
1876,Man,鲍科锋
1880,Man,连辉
1882,Man,贾守胜
1883,Man,杭长有
1885,Man,信晓阳
1887,Man,沈陆明
1888,Man,闫文林
1889,Man,梅川威
1890,Man,郑量珍
1892,Man,唐东全
1893,Man,严庆吉
1897,Man,陈苏楠日
1898,Man,孟起超
1901,Man,周蓝
1902,Man,张西广
1905,Man,吴克钧
1908,Man,新曰古楞
1909,Man,曾扬清
1910,Man,罗怀哲
1912,Man,万红林
1914,Man,吴孝永
1917,Man,谢连
1918,Man,杜星朋
1923,Man,林仁才
1925,Man,兰奶平
1926,Man,吴成竹
1928,Man,邰夏山
1930,Man,钱浙英
1932,Man,姜学举
1934,Man,齐国印
1935,Man,程时军
1937,Man,沈靖南
1941,Man,于伟迅
1942,Man,闫铭
1944,Man,黄健萍
1945,Man,齐世妍
1947,Man,吴孔维
1948,Man,柴代红
1950,Man,高美师
1953,Man,丁湘云
1955,Man,郭明权
1956,Man,宋力维
1957,Man,申桂进
1958,Man,侯致婷
1959,Man,朴中石
1963,Man,项艳敏
1965,Man,刘在港
1966,Man,谢桂火
1967,Man,游子彦
1969,Man,董国
1970,Man,边晓莹
1971,Man,孙丛丛
1972,Man,陈呀
1974,Man,汤炳显
1975,Man,徐亦飞
1976,Man,杨银礼
1984,Man,李洪涝
1986,Man,潘忠卫
1989,Man,郁夕家
1991,Man,赵志男
1996,Man,吴泽礼
1997,Man,吕维仁
1999,Man,焦喜斌
2000,Man,黑晓白
2002,Man,方秉生
2005,Man,方让昂秀
2007,Man,祁艳云
2010,Man,彭仁武
2011,Man,于觐
2012,Man,洪天龙
2015,Man,慧颖
2020,Man,杨月忠
2021,Man,余耀勇
2022,Man,盛储贵
2023,Man,常志力
2024,Man,戚京
2025,Man,董安舒
2027,Man,瞿玉才
2028,Man,吕凤祥
2029,Man,钱於棣
2032,Man,陈页址
2034,Man,王维秋
2037,Man,杜旭鸥
2039,Man,徐春景
2040,Man,马颖旗
2041,Man,冀磊
2043,Man,宁咏梅
2044,Man,张克录
2045,Man,储雷平
2048,Man,席超群
2050,Man,赵舒昂
2052,Man,陆秀夏
2054,Man,姚宜华
2057,Man,何筱平
2058,Man,杨保毅
2060,Man,卢双豪
2061,Man,江芬芳
2065,Man,季尹禹
2066,Man,高惠国
2068,Man,沈彩云
2069,Man,徐惜博
2071,Man,代菊平
2072,Man,韩克丁
2073,Man,苏献东
2076,Man,团朱媚
2077,Man,孙笑颜
2078,Man,黄瑜凤
2079,Man,徐婧瑶
2085,Man,乔勤凤
2086,Man,曾沛钿
2089,Man,x郁敏
2091,Man,康毓萱
2092,Man,解德恒
2095,Man,孙桂青
2096,Man,于瑞岩
2098,Man,程爱斌
2099,Man,周艮花
2100,Man,池源海
2101,Man,骆杰荣
2103,Man,金德山
2107,Man,马孝康
2110,Man,常金库
2111,Man,邱学会
2112,Man,颜叶飞
2115,Man,田秋明
2116,Man,张方青
2119,Man,魏君桃
2120,Man,石江洪
2124,Man,谢承梅
2125,Man,陈小涵
2127,Man,祁爱飞
2128,Man,柳凤鹤
2129,Man,顾孝林
2130,Man,张晚霞
2131,Man,李旭彦
2132,Man,高树银
2133,Man,付文滨
2134,Man,孟留宝
2140,Man,李丽李
2143,Man,隋中平
2144,Man,瞿水珍
2145,Man,阮凤娣
2149,Man,潘煦帆
2152,Man,傅美凤
2153,Man,寇旭刚
2154,Man,葛叶青
2156,Man,李全增
2162,Man,门晓红
2163,Man,王常芹
2167,Man,赵生智
2170,Man,刘宁厚
2171,Man,海亚峰
2173,Man,王光月
2174,Man,殷树君
2176,Man,李碧蓓
2178,Man,倪朱
2179,Man,张奠兆
2182,Man,杨羽之
2183,Man,贺超慧
2184,Man,杨慧美
2185,Man,胡松坡
2187,Man,鲁昊
2189,Man,梅引春
2190,Man,汪金琴
2194,Man,朱慧巧
2195,Man,易宗美
2196,Man,夏维峰
2199,Man,梁素维
2203,Man,罗明义
2204,Man,庞美善
2205,Man,史静方
2206,Man,姜苓秀
2207,Man,陆张敏
2208,Man,倪胜亮
2209,Man,田佳奇
2212,Man,李双宏
2214,Man,张面兰
2220,Man,尹正虎
2221,Man,孔彦军
2222,Man,姚井泉
2223,Man,史献芳
2228,Man,商文忠
2229,Man,何积新
2232,Man,谢关涛
2239,Man,张心栋
2244,Man,韩明@
2246,Man,马友珊
2248,Man,陆秀建
2249,Man,吴亚璇
2250,Man,徐春旺
2253,Man,叶维君
2262,Man,仇丹凤
2263,Man,梁美环
2267,Man,赫岘
2268,Man,戴祥珍
2272,Man,缪时雨
2274,Man,董铁山
2276,Man,林友聪
2277,Man,顾明优
2278,Man,白丹宁
2279,Man,沈胡娟
2280,Man,黎伟兴
2282,Man,蒋九元
2283,Man,阮珂
2284,Man,陈松喜
2287,Man,丘子棋
2288,Man,陈效廷
2293,Man,钟冠洲
2294,Man,高洪元
2297,Man,黄玉蓉
2299,Man,史淑琪
2300,Man,褚卉
2301,Man,蔡保科
2306,Man,钟灿
2307,Man,金骅
2308,Man,胡昕璇
2309,Man,吴才槽
2311,Man,胡金黄
2312,Man,戚美丽
2313,Man,郑书耀
2323,Man,肖绪江
2325,Man,张林开
2326,Man,常仰清
2327,Man,逄腾飞
2328,Man,王赫然
2331,Man,林居宁
2334,Man,刘京陇
2341,Man,李星注
2342,Man,饶建炜
2346,Man,宋石夯
2347,Man,王兆颖
2348,Man,崔冰洁
2350,Man,宋孝纲
2351,Man,汪和美
2353,Man,闫彩景
2355,Man,杜林浩
2356,Man,孟可人
2357,Man,缪旭峰
2360,Man,翟艳亮
2362,Man,徐昌和
2363,Man,李博韬
2364,Man,朱松坤
2365,Man,龚微微
2367,Man,王建鲁
2369,Man,郭行义
2370,Man,应会哲
2372,Man,施惠宾
2373,Man,刘逸崧
2374,Man,刘福侠
2376,Man,陈小帅
2382,Man,张正雨
2383,Man,卢兴孟
2384,Man,彭红飞
2385,Man,叶身康
2388,Man,李其剑
2389,Man,方哲湛
2391,Man,徐雅俊
2392,Man,张兰宁
2393,Man,梁戈宁
2394,Man,陶传珍
2395,Man,林忆馨
2397,Man,朱彩华
2400,Man,汪运生
2401,Man,陈瑞村
2402,Man,俞黄海
2405,Man,简静仪
2408,Man,陈靖霏
2410,Man,郑银妙
2413,Man,章畅
2414,Man,武俊焘
2415,Man,孟相呈
2417,Man,吴斯斯
2418,Man,李胜南
2420,Man,谢红玲
2421,Man,黄觉碧
2422,Man,于广平
2424,Man,郝桂华
2428,Man,骆蜀
2430,Man,彭立化
2432,Man,吴昌世
2435,Man,李奇虎
2436,Man,唐守斌
2440,Man,胡一丰
2442,Man,王童欣
2445,Man,董银桥
2449,Man,韩友成
2450,Man,唐丽平
2451,Man,白喜丹
2454,Man,封祥
2456,Man,杜雯晶
2459,Man,许亦鸣
2460,Man,赵华静
2462,Man,洪政裕
2463,Man,储茂平
2466,Man,戴銮云
2468,Man,洪曾港
2471,Man,邓苏
2472,Man,赵云青
2474,Man,沙巍
2475,Man,屈中正
2477,Man,胡劲英
2478,Man,冉光伟
2481,Man,邢茂楷
2482,Man,徐欣淼
2483,Man,蒙华
2484,Man,孙芜
2485,Man,万国知
2486,Man,邵奢峰
2489,Man,薛汝
2490,Man,胡榴花
2497,Man,徐喜臣
2499,Man,戎星
2500,Man,刘巧苹
2502,Man,苟晓丽
2503,Man,邓启椿
2506,Man,洪雪平
2508,Man,谢晓珊
2509,Man,黄建年
2510,Man,张朋平
2512,Man,陈赖志
2513,Man,麻彩娥
2515,Man,郑永俊
2516,Man,曾睿宇
2517,Man,王基旭
2518,Man,王丽靖
2519,Man,周常林
2520,Man,陈祯和
2522,Man,翁卢发
2524,Man,单舒雨
2529,Man,黄茂清
2530,Man,程帅凯
2531,Man,刘真广
2532,Man,主爱患
2533,Man,晁念英
2534,Man,刘建芳
2535,Man,叶连凯
2537,Man,刘赞春
2538,Man,于洗清
2541,Man,利登好
2543,Man,胡雅婷
2544,Man,邵和
2546,Man,姜铁斌
2547,Man,徐乾宇
2548,Man,郝满仓
2549,Man,庞强基
2550,Man,解维祥
2553,Man,谈倩倩
2556,Man,王素雅
2558,Man,翁天勇
2559,Man,陶芸民
2560,Man,张礼惠
2562,Man,张从群
2563,Man,黄有赖
2564,Man,孙选中
2568,Man,骆作民
2569,Man,翟纪田
2570,Man,周林叶
2575,Man,沈章凡
2576,Man,任承洲
2577,Man,杜伙根
2581,Man,张彭涛
2582,Man,宋诗泉
2583,Man,岳璇
2584,Man,穆举旺
2585,Man,于春警
2586,Man,尚商
2589,Man,乔新勇
2591,Man,宋美菊
2592,Man,汤胜杰
2595,Man,罗俊骅
2596,Man,步壬佟
2597,Man,杨丰宁
2598,Man,卞纯纯
2600,Man,卢国清
2602,Man,郅玲
2603,Man,张宗君
2604,Man,黄裕磊
2606,Man,温银铃
2607,Man,肖文铎
2611,Man,胡棋浩
2613,Man,代亚男
2615,Man,刘双诚
2621,Man,魏涔涔
2622,Man,耿献涛
2623,Man,国少楷
2625,Man,李海宾
2628,Man,黄新南
2630,Man,潘亚宝
2631,Man,荀洵
2632,Man,许鸿麟
2635,Man,杨颧铭
2637,Man,孟显鹤
2638,Man,侯俊虎
2642,Man,杜素仙
2644,Man,汤楠
2645,Man,蔡欢余
2649,Man,宋晓晓
2650,Man,张喜姜
2651,Man,冯仁晶
2653,Man,鲜京博
2656,Man,徐⑵
2658,Man,韩灵辉
2659,Man,王晋才
2660,Man,武海丹
2661,Man,石纪倩
2665,Man,李功社
2667,Man,尤建卫
2672,Man,孔颖超
2674,Man,应婷娜
2675,Man,周杭丽
2677,Man,路锐南
2678,Man,兰俊杰
2680,Man,易丽蝈
2681,Man,魏刘影
2682,Man,郑智剑
2683,Man,浦东燕
2684,Man,徐三姣
2689,Man,品质马磊
2691,Man,陆秀荣
2694,Man,牛嘉冰
2696,Man,王刘娟
2697,Man,朱成兵
2701,Man,段宏权
2702,Man,罗飞艳
2703,Man,李益泰
2708,Man,毕艳婷
2710,Man,温卫芬
2711,Man,沙钟瑗
2715,Man,上海磁通
2717,Man,胡宏宇
2718,Man,党小琴
2722,Man,赵与人
2723,Man,蔡金镖
2724,Man,曾天启
2726,Man,杨开封
2727,Man,冯让罗
2728,Man,姚叶青
2729,Man,吕琅升
2730,Man,宋科含
2731,Man,冯绮徽
2733,Man,袁厚友
2737,Man,辛春桃
2738,Man,杜炳章
2741,Man,曾晓平
2743,Man,罗贵友
2744,Man,尹德创
2746,Man,吴子浩
2747,Man,伊鸿鹏
2748,Man,王志洁
2749,Man,汪丹
2750,Man,毛美
2752,Man,冯婧媛
2753,Man,冉铁宁
2755,Man,周乐如
2759,Man,江泗坤
2762,Man,陈芳渝
2768,Man,李晨懿
2770,Man,史雁庆
2771,Man,毕永贺
2773,Man,孙雅贤
2775,Man,王人晖
2776,Man,李涵雳
2777,Man,廖瘴义
2782,Man,兰夭丽
2788,Man,邬亦良
2789,Man,张英
2790,Man,江锁庚
2793,Man,杜可涛
2795,Man,陈公伟
2796,Man,尹时阳
2797,Man,白满无
2798,Man,汤燕静
2799,Man,许天奖
2801,Man,杨占源
2802,Man,杨新征
2803,Man,余仲威
2804,Man,杨林博
2806,Man,邸乘
2809,Man,彭临涛
2810,Man,张弘乾
2813,Man,于宝堂
2814,Man,王昌州
2816,Man,戴琰宁
2817,Man,卜国民
2821,Man,柴可
2822,Man,应茹伊
2823,Man,曾嘉亮
2827,Man,刘生锋
2828,Man,赵建友
2829,Man,高俐娟
2831,Man,裘建忠
2832,Man,胡录彦
2835,Man,魏福珍
2837,Man,刘妙消
2838,Man,乔敬敬
2839,Man,叶茜茜
2840,Man,王昌横
2846,Man,周宗强
2847,Man,毕玉炳
2848,Man,霍晓健
2850,Man,孙震浩
2852,Man,刘军连
2856,Man,戴民富
2857,Man,秦锁高
2858,Man,刘丹艳
2859,Man,陈香磊
2860,Man,魏康康
2863,Man,李叶辉
2864,Man,邓建虎
2865,Man,胡惠婷
2866,Man,李华琦
2867,Man,夏清荣
2868,Man,胡潜蓉
2869,Man,白力健
2870,Man,杨统喜
2876,Man,陈嫣簧
2879,Man,何德裔
2881,Man,卢云飞
2883,Man,牟维伟
2886,Man,裴广懿
2887,Man,李进韶
2890,Man,石馀金
2891,Man,廖元梅
2893,Man,潘冬凡
2894,Man,姜秀钱
2896,Man,王应县
2897,Man,郑福东
2898,Man,施友农
2899,Man,熊蓁华
2900,Man,王丽宏
2901,Man,贾启尤
2902,Man,徐华昌
2903,Man,董英荣
2904,Man,刘志刚代订
2905,Man,梅朵
2909,Man,韩桐生
2911,Man,胡梅芝
2913,Man,董瑛麟
2917,Man,翟朝保
2920,Man,秦义洲
2923,Man,王玉玮
2925,Man,秦良勇
2926,Man,李细蓝
2927,Man,宣义杰
2928,Man,杨吉强
2929,Man,王宛白
2930,Man,严寒明
2931,Man,帅金松
2934,Man,雷焕胜
2935,Man,易伟伟
2936,Man,陈慧颍
2937,Man,赵胜剑
2938,Man,陈犬
2939,Man,郑利旦
2941,Man,冉海梅
2942,Man,王高亚
2945,Man,邱达毅
2948,Man,陈艮山
2949,Man,林金赏
2950,Man,游代玲
2951,Man,索春婷
2953,Man,黎辉丹
2954,Man,豆玉萍
2959,Man,熊贤瑾
2961,Man,徐晓琼
2962,Man,宋圆圆
2963,Man,吴建周
2965,Man,翟士贞
2967,Man,姜P
2968,Man,窦玉萍
2969,Man,董广敏
2971,Man,邓桂兰
2972,Man,陈祖顺
2974,Man,姚海叶
2976,Man,谭欣红
2979,Man,林韧庭
2980,Man,李妖颜
2981,Man,唐巡龙
2982,Man,西浦伸明
2983,Man,黄坚慈
2986,Man,曹法究
2990,Man,吕其忠一
2991,Man,骆家芬
2993,Man,周东宣
3003,Man,石社化
3004,Man,俞冬娣
3005,Man,王生南
3006,Man,邢光花
3013,Man,包德银
3014,Man,大屋幸久
3015,Man,赵若曦
3018,Man,闫国友
3019,Man,尚柯君
3020,Man,尹晨
3021,Man,郑伊娜
3022,Man,王乾州
3024,Man,戴红旭
3025,Man,韩旭妍
3026,Man,陈丕革
3027,Man,达日夫
3028,Man,李亦威
3029,Man,刘新诚
3030,Man,麻玉雯
3032,Man,宫朋美
3033,Man,郝泽刚
3034,Man,张任清
3035,Man,顾德溥
3037,Man,李音霏
3044,Man,赖泽俊
3045,Man,郑新旺
3046,Man,察金永
3047,Man,刘现刚
3049,Man,张精华
3050,Man,侯继彬
3052,Man,潘为
3054,Man,路路通
3055,Man,何清辉
3056,Man,池润
3057,Man,滕惠英
3058,Man,张献岗
3059,Man,罗诗蕾
3061,Man,甄景波
3064,Man,陈巧玲
3065,Man,刘晓菁
3066,Man,胡军爱
3068,Man,冀宝平
3070,Man,韩桂弟
3071,Man,张鑫叶
3072,Man,马孟玄
3073,Man,乔振杰
3074,Man,梁曹洁兰
3075,Man,尹阿妮
3078,Man,黄宗蔷
3079,Man,严如娟
3080,Man,雷西
3081,Man,吴华清
3083,Man,张若瑜
3084,Man,史佳璇
3086,Man,段萱萱
3087,Man,施科峰
3088,Man,罗伟坤
3089,Man,董尔华
3092,Man,王雅悯
3095,Man,徐长恩
3099,Man,吴沛霖
3101,Man,张奇梅
3102,Man,毛中红
3108,Man,郑夭冰
3109,Man,陈一峥
3110,Man,舒冬海
3111,Man,翟秉新
3112,Man,王孟春
3116,Man,郑为霖
3118,Man,林家禾
3120,Man,缪夫
3122,Man,王作宇
3123,Man,芮红平
3124,Man,葛梓庆
3126,Man,刘长孟
3131,Man,林雪芬
3133,Man,刘佳利
3135,Man,陈忠明
3137,Man,陈真德
3140,Man,曹锦发
3142,Man,周万顺日
3143,Man,闫法闯
3146,Man,叶郁清
3148,Man,杜葛琢
3152,Man,季友东
3154,Man,钱王洪
3155,Man,宋满平
3156,Man,丁九军
3157,Man,黄胜勇
3158,Man,冯德慧
3159,Man,邵铭
3161,Man,丁凤臣
3163,Man,夏维林
3167,Man,石玉恒
3168,Man,樊秉椒
3169,Man,赵存真
3176,Man,何奇锦
3177,Man,余大玲
3178,Man,马腾雨
3180,Man,王振真
3181,Man,韦达兵
3182,Man,袁来田
3183,Man,孟中山
3184,Man,崔振旗
3185,Man,徐恩云
3188,Man,华素兰
3192,Man,刘呈才
3193,Man,李爱享
3196,Man,叶婷婷
3199,Man,郭耻信
3200,Man,朱校旦
3201,Man,柯昌华
3203,Man,郑国余
3206,Man,张月游
3210,Man,秘懿
3212,Man,霍永江
3216,Man,刘时茂
3217,Man,郭叶挺
3219,Man,李银发
3223,Man,俞悦
3224,Man,贾一波
3225,Man,周漪雯
3228,Man,宋美英
3229,Man,赵晓宁
3231,Man,李朝然
3232,Man,吴才斌
3234,Man,陈景睿
3236,Man,程越琦
3237,Man,庄丽杏
3239,Man,单葆廷
3240,Man,孙步忠
3244,Man,宋岱
3245,Man,胡英勇
3246,Man,朱唯一
3248,Man,车彦甲
3250,Man,詹博全
3252,Man,毛斐
3253,Man,徐望飞
3257,Man,陶贤江
3258,Man,于厚宽
3259,Man,陈秋英
3262,Man,方瑞桥
3264,Man,朱奕恺
3265,Man,胡经泉
3266,Man,黄小钧
3268,Man,应筱云
3269,Man,高利爱
3272,Man,谢兰巍
3274,Man,尚项绳
3275,Man,潘朝晖
3276,Man,林志珍
3277,Man,黎美茹
3278,Man,安姝静
3279,Man,蒋小攀
3281,Man,杨享财
3283,Man,牛德云
3284,Man,胡燕萍
3285,Man,李昌洋
3286,Man,黄思平
3288,Man,刘博绅
3289,Man,彭铭生
3291,Man,余泽华
3294,Man,田金斗
3295,Man,张梅霞
3297,Man,葛乐平
3300,Man,王僚玫
3302,Man,卢梦妮
3303,Man,林后兰
3305,Man,李芸瑛
3309,Man,黄江红
3314,Man,鞠香
3316,Man,晁建
3317,Man,朱霞瑾
3319,Man,孙盟商贸
3320,Man,武葡
3322,Man,张昱灵
3324,Man,谢荣师
3326,Man,应如敏
3327,Man,彭悠悠
3328,Man,党熠
3330,Man,吴霁
3332,Man,徐佩田
3333,Man,苏庆宽
3335,Man,司强伟
3336,Man,尹东宇
3339,Man,张清乐
3343,Man,褚宏瑞
3344,Man,胡存平
3347,Man,鞠和梅
3348,Man,邵珠太
3349,Man,钱忠飞
3351,Man,陈海林日
3353,Man,王琴琼
3355,Man,康霞宝
3356,Man,崔新瑞
3357,Man,闫明旺
3359,Man,朱茜琼
3361,Man,金昭敏
3363,Man,刘尧旭
3365,Man,顼成光
3369,Man,陈桔东
3371,Man,庞向前
3374,Man,秦广虎
3378,Man,马锦萍
3379,Man,徐少
3380,Man,奚亚萍
3382,Man,沈汉春
3389,Man,倪飞翼
3390,Man,童光建
3394,Man,鲍朋涛
3395,Man,郑守仁
3396,Man,薛小兔
3398,Man,戴腾
3403,Man,曾灼林
3404,Man,佳话
3405,Man,张石涛
3407,Man,汪元雷
3411,Man,檀明
3412,Man,李绮秀
3416,Man,孙联英
3417,Man,翁艳涛
3420,Man,皮黎钧
3421,Man,侯广林
3425,Man,张慧彤
3427,Man,孙庆庄
3428,Man,陈秋获
3429,Man,涂伦
3430,Man,张之娴
3432,Man,巫伟鸿
3437,Man,庄雅芬
3438,Man,王虎贤
3439,Man,文萃
3442,Man,刘海根
3443,Man,张甲胜
3446,Man,路士亮
3447,Man,司志印
3448,Man,徐清白
3453,Man,候向波
3455,Man,范雨来
3457,Man,郑菊根
3461,Man,张委明
3462,Man,岳本伟
3466,Man,解金
3467,Man,常苇
3468,Man,杨赛兵
3471,Man,钟东亮
3473,Man,李钱德
3474,Man,时晓阳
3477,Man,李爱良
3480,Man,丁富芝
3481,Man,崔永会
3483,Man,陆成广
3486,Man,孙林明
3488,Man,刘振舫
3489,Man,舒传柏
3490,Man,范丙坤
3495,Man,刘玉铸
3496,Man,刘田霞
3498,Man,王何菊
3499,Man,李玉深
3500,Man,芦继征
3501,Man,刘胜元
3503,Man,松木信哉
3505,Man,秦佳之
3508,Man,封秀荣
3509,Man,何永消
3510,Man,闫凤凯
3511,Man,满江林
3512,Man,陶宏昌
3513,Man,龚金
3514,Man,刘纪士
3516,Man,曾世忠
3518,Man,杜雷鸣
3519,Man,柴文岳
3520,Man,梁家美
3522,Man,李良帅
3524,Man,楼鸣涛
3526,Man,张美娇
3527,Man,方家宏
3528,Man,朱国光
3530,Man,谢庚道
3532,Man,皇美丽
3536,Man,何世星
3539,Man,司笑晨
3540,Man,王秋裕
3541,Man,武凌云
3544,Man,潘丽莺
3545,Man,白百合
3546,Man,陈长岁
3547,Man,牛嘉颖
3550,Man,苏小楠
3551,Man,孙军琪
3552,Man,李秋园
3554,Man,鄂静
3559,Man,魏余龙
3562,Man,朱胜辉
3563,Man,魏代宇
3565,Man,岳江莎
3566,Man,钱介东
3567,Man,姜喜详
3568,Man,邓东连
3574,Man,李书奎
3575,Man,车鲜涛
3580,Man,赖阿莲
3582,Man,林绍凤
3584,Man,蒋岳盘
3585,Man,杨博一
3586,Man,虞茜露
3588,Man,陆坤林
3590,Man,巴雅尔吐
3591,Man,张紫辰
3594,Man,邱建文
3595,Man,刘祥礼
3596,Man,吴炎光
3602,Man,查惠平
3606,Man,姚兆增
3607,Man,张汶利
3610,Man,白云旭
3612,Man,宋灵达
3613,Man,马浩原
3615,Man,吴春扣
3617,Man,杨签
3619,Man,陈增和
3621,Man,王趁英
3627,Man,成诗
3628,Man,徐有俊
3629,Man,夏爱文
3631,Man,孟建阳
3634,Man,辛惠婷
3636,Man,刘鹭燕
3637,Man,林为法
3640,Man,赵铁钢
3641,Man,韩采书
3642,Man,魏云秀
3646,Man,牛新莉
3649,Man,夏方明
3650,Man,樊宏海
3651,Man,祝庆良
3653,Man,陶永珍
3656,Man,梁凤珍
3658,Man,乔军懂
3660,Man,班福浩
3661,Man,李魏
3665,Man,刘静章
3666,Man,权云云
3669,Man,尉宁
3670,Man,刘妍彤
3671,Man,赵贵喜
3672,Man,初顺利
3673,Man,宋青勇
3675,Man,励勇强
3677,Man,汪忠强
3680,Man,何镒文
3682,Man,王映葵
3683,Man,黄永美
3684,Man,高丽亚
3685,Man,蔡显鄂
3686,Man,曹福峰
3692,Man,叶宏替
3693,Man,王重孝
3694,Man,袁开信
3697,Man,赵红锏
3698,Man,姜正森
3699,Man,高喜华
3700,Man,钟求是
3701,Man,盛苏波
3703,Man,赵专
3705,Man,袁海风
3706,Man,王娟华
3708,Man,周学礼
3709,Man,郑昕成
3711,Man,江毅蓉
3718,Man,汤嘉乾
3721,Man,白晓俊
3723,Man,朱新农
3727,Man,曹康璐
3728,Man,赵发芹
3729,Man,曾菁莲
3732,Man,蔡巍莹
3733,Man,那仁其其格
3734,Man,徐静微
3737,Man,李琳栋
3740,Man,葛春杰
3741,Man,王可真
3745,Man,申钊熙
3748,Man,李留平
3749,Man,黎辉玲
3751,Man,方武剑
3753,Man,王志录
3755,Man,郭瑗莹
3756,Man,王瑞虹
3757,Man,李麟波
3758,Man,王继兰
3759,Man,伍杏冗
3761,Man,吕佳鸣
3762,Man,石洪全
3763,Man,汤光瑞
3765,Man,杨古韵
3767,Man,靳然
3768,Man,詹春丽
3769,Man,宁广劳
3771,Man,周倩钰
3773,Man,肖同振
3774,Man,余英杨
3775,Man,武静仪
3776,Man,郑韵清
3780,Man,罗兴虹
3781,Man,葛绍谋
3782,Man,于巧英
3784,Man,阚晓华
3793,Man,马兴丽
3795,Man,左淑红
3796,Man,李俊申
3800,Man,葛玉英
3801,Man,龙琼瑶
3803,Man,丁家鹤
3805,Man,百艳如
3806,Man,刘京芹
3807,Man,仇宏军
3808,Man,严初珍
3810,Man,吴碧瑜
3811,Man,朱朝华
3812,Man,吴季涵
3814,Man,刘宏兰
3819,Man,翁根宝
3820,Man,齐懋蓉
3821,Man,殷浩文
3822,Man,胡水蓉
3823,Man,仇文石
3827,Man,翁海斌
3828,Man,范亚胡
3829,Man,梁琪子樱
3831,Man,胡亚昕
3832,Man,卞东旭
3833,Man,李婷F
3834,Man,谢作英
3836,Man,甄晓春
3837,Man,龚可珍
3838,Man,王天瑚
3843,Man,韩建功
3845,Man,郝海兴
3849,Man,李玉旺
3850,Man,董刘艳
3851,Man,唐应钦
3853,Man,郭亚新
3854,Man,黄夭肆
3856,Man,曹松烨
3857,Man,王香珍
3861,Man,孙逢伍
3863,Man,王红艳
3866,Man,魏双程
3867,Man,廖雪雁
3868,Man,张慧拓
3870,Man,王楚菲
3871,Man,笪祥异
3874,Man,姚正才
3875,Man,朱岳增
3876,Man,吴珏华
3879,Man,尚延凯
3883,Man,杨能鑫
3885,Man,朱龙兵
3886,Man,李玉萍
3887,Man,鲁守银
3889,Man,陈宝荣
3892,Man,沈佳萍
3893,Man,安信
3894,Man,赵云静
3897,Man,朱击修
3903,Man,董立欣
3904,Man,田颖萍
3906,Man,郭龙江
3907,Man,吴昌连
3909,Man,杜孝宏
3912,Man,师胜胜
3913,Man,窦思琼
3915,Man,龚庭玉
3916,Man,刘景禹
3917,Man,杭祖春
3919,Man,陶鸳鸳
3922,Man,闫杨元
3923,Man,林慧善
3927,Man,葛海位
3928,Man,臧国勇
3932,Man,江雄飞
3933,Man,秦之恒
3934,Man,姜爱芬
3937,Man,乔中勤
3939,Man,段枣红
3942,Man,王祥烩
3943,Man,杨绪辉
3945,Man,薛文冲
3948,Man,闫耀鹏
3949,Man,任彩淑
3951,Man,张红艳日
3952,Man,廖素艺
3954,Man,卜宪宏
3957,Man,蒋晓艳
3958,Man,蒲登凤
3959,Man,刘伯洋
3962,Man,王林|
3963,Man,卜昌琼
3965,Man,宋长银
3966,Man,朱晓擎
3967,Man,卢名荣
3971,Man,陈则源
3972,Man,魏兴力
3977,Man,翁治康
3979,Man,余毓兰
3981,Man,刘子墨
3985,Man,穆维婷
3987,Man,沈雪娇
3989,Man,郑世军
3995,Man,苏泽锋
3999,Man,郭书辰
4005,Man,王艳果
4010,Man,穆小兵
4011,Man,丁淑琴
4013,Man,程秋荣
4016,Man,陈俊真
4017,Man,丁群娟
4018,Man,青岛中山路店
4019,Man,何吉猛
4022,Man,陈勇钦
4023,Man,施连成
4024,Man,余保成
4033,Man,包江南
4037,Man,文浩燃
4039,Man,邹洪威
4040,Man,许晓熹
4041,Man,毛湘莉
4042,Man,权明勇
4043,Man,曾吉祥
4044,Man,康宇翔
4046,Man,储启东
4049,Man,奚群
4050,Man,曾金奖
4052,Man,沈玲锋
4053,Man,吴德慧
4054,Man,彭珍桂
4057,Man,管叶波
4058,Man,张仁会
4059,Man,邱春木
4060,Man,韩君仪
4061,Man,房中
4062,Man,华学成
4064,Man,秦月强
4065,Man,王超女
4075,Man,李颖耀
4076,Man,恽大年
4077,Man,张年乐
4078,Man,陆利
4080,Man,雷应机
4081,Man,李尚容
4082,Man,植良霞
4083,Man,万幼春
4084,Man,刘志昭
4085,Man,曾伟瀚
4086,Man,曹兆儒
4089,Man,高维贵
4090,Man,侍延广
4092,Man,陈身芳
4096,Man,美团薛庆
4097,Man,雷松雪
4098,Man,李祥刚
4100,Man,遇冬冬
4103,Man,蔡景如
4105,Man,马哈格
4106,Man,苏傲寒
4107,Man,温朋颖
4109,Man,梅喜云
4114,Man,翟维芳
4115,Man,钱薇薇
4119,Man,李湛冬
4120,Man,甄朋照
4122,Man,金定标
4124,Man,麻亚敏
4125,Man,缪茂靖
4126,Man,何大影
4127,Man,姚赉
4128,Man,钱夭健
4130,Man,刘少帝
4132,Man,柴改云
4133,Man,奉炜
4135,Man,殷逵
4136,Man,孙昌彪
4140,Man,刘章福
4141,Man,阳亚葬
4144,Man,楚鲁巴特尔
4150,Man,汪振威
4152,Man,何春鸿
4153,Man,邱中仁
4157,Man,廖雪滔
4160,Man,窦学鹏
4162,Man,陈蜀皖
4165,Man,叶洪跃
4167,Man,范虹霞
4168,Man,魏新如
4169,Man,金玉岷
4170,Man,崔洪军
4172,Man,李敏元
4173,Man,全登榜
4175,Man,赵金爱
4178,Man,车迎
4179,Man,甄翔
4180,Man,屠亦帆
4181,Man,顾祥熙
4182,Man,邢向华
4183,Man,朱全稳
4186,Man,阙惠珍
4188,Man,苏能亮
4189,Man,马爱珠
4190,Man,邱莫信新
4192,Man,周莲平
4194,Man,李田美
4198,Man,陈贞巧
4201,Man,王永鑫
4202,Man,安宝顺
4203,Man,宋连洪
4204,Man,潭小凤
4205,Man,王叶美
4206,Man,余雪元
4207,Man,景卫泽
4211,Man,夏月高
4213,Man,史可夫
4214,Man,梁银明
4218,Man,申海萍
4219,Man,陈永年
4220,Man,马航宇
4221,Man,乐乐
4222,Man,李姝昕
4224,Man,宗国旺
4225,Man,曹蕙颧
4228,Man,邓润强
4229,Man,赵耀邦
4233,Man,韩学增
4235,Man,丁大磊
4237,Man,龙臻
4238,Man,单庆云
4239,Man,陈嘉星
4240,Man,耿清丽
4241,Man,胡译丹
4242,Man,方曦
4244,Man,刘乾赤
4245,Man,冯穰
4246,Man,李崇月
4248,Man,李立裕
4249,Man,彦均霖
4250,Man,姚吉锋
4251,Man,何化寒
4258,Man,班根勇
4260,Man,宋勤新
4261,Man,苑希刚
4262,Man,戴福祥
4263,Man,王敏林
4266,Man,刘继臣
4268,Man,吴莹朋
4269,Man,赵振造
4273,Man,白靖毅
4274,Man,汤磊
4275,Man,张名锋
4277,Man,翟星明
4278,Man,靳大永
4281,Man,杨月庆
4284,Man,赵心钢
4288,Man,韩柏文
4291,Man,霍云霞
4293,Man,巴强
4294,Man,郧思宁
4295,Man,潘桂河
4296,Man,何先涛
4297,Man,付进东
4298,Man,蔡天龙
4301,Man,王二山
4302,Man,胡岗淮
4304,Man,李雷文
4305,Man,祁兆宾
4306,Man,宋利梅
4307,Man,于肖玫
4311,Man,唐德中
4317,Man,饶柏军
4318,Man,颜文耀
4319,Man,赵贺亭
4320,Man,吴锐涛
4323,Man,花雨
4326,Man,袁传桃
4328,Man,张廷兰
4330,Man,周祥生
4331,Man,张向娜
4332,Man,何国凡
4333,Man,赖注醒
4334,Man,王正纯
4337,Man,刘化举
4340,Man,王卉男
4342,Man,甘万兵
4343,Man,孙领伟
4345,Man,廖继青
4346,Man,林保祥
4348,Man,谭宝宝
4353,Man,赵健云
4354,Man,源永亮
4361,Man,李旭崖
4363,Man,南晋霞
4364,Man,赵家泽
4365,Man,戴欧阳
4367,Man,季俊森
4370,Man,武剑华
4371,Man,闵文君
4372,Man,叶民雄
4373,Man,余清业
4375,Man,虞剑英
4386,Man,孙幼珍
4388,Man,高学尤
4390,Man,项华琴
4391,Man,方世松
4393,Man,刘鸽
4395,Man,徐铁山
4396,Man,王依扬
4398,Man,任晓靓
4399,Man,林天成
4400,Man,刘春星
4401,Man,董达寅
4403,Man,惠浩良
4404,Man,霍冉
4408,Man,蒋启国
4413,Man,靖利兵
4415,Man,黄钟爱
4417,Man,顾晓论
4418,Man,周纪伟
4419,Man,杨优梅
4424,Man,游宏萍
4428,Man,沈智峰
4429,Man,石小莉
4430,Man,席丽燕
4431,Man,高椿
4433,Man,庞卫强
4437,Man,董羽佳
4438,Man,徐新初
4440,Man,刘影娜
4442,Man,邓策姬
4443,Man,申桂香
4445,Man,廖书慧
4446,Man,荀峥
4447,Man,古丽热巴
4450,Man,于昆朋
4451,Man,朱荣蕾
4452,Man,杨耀枢
4454,Man,唐桂慧
4455,Man,沈燕虹
4456,Man,杨奋珍
4460,Man,郝康文
4465,Man,裴洪春
4466,Man,隔力
4467,Man,张孝宁
4468,Man,丘鸿皆
4471,Man,胡少容
4472,Man,谭仲刚
4475,Man,吴筱菲
4476,Man,中尾泰之
4477,Man,朱绪汉
4478,Man,杨小玲
4479,Man,樊利
4481,Man,矫晓云
4482,Man,龚福寿
4485,Man,张婧辉
4486,Man,赵亢
4487,Man,夏登军
4488,Man,司衍亮
4489,Man,柯志远
4492,Man,沈剑南
4496,Man,林清悟
4497,Man,吴启辉
4499,Man,刘久昕
4500,Man,曾向德
4501,Man,王其艮
4504,Man,徐华京
4506,Man,施位奇
4507,Man,陈西旗
4511,Man,丁云发
4514,Man,邬文阑
4518,Man,仲文波
4519,Man,刘树帜
4522,Man,吕洪飞
4523,Man,郎振武
4525,Man,陈连蓉
4526,Man,林以崇
4527,Man,白丽菊
4528,Man,邹藤滨
4529,Man,章正喜
4532,Man,彭辰芷
4533,Man,孟晓婕
4535,Man,杨叔培
4536,Man,沈容兰
4538,Man,翟彪
4543,Man,曹立奇
4549,Man,叶大兴
4550,Man,段风辉
4554,Man,方兴明
4555,Man,俞建亮
4557,Man,朱思俊
4559,Man,朱梦柯
4562,Man,呼李军
4563,Man,常红旭
4564,Man,马娉婷
4565,Man,周忙珍
4571,Man,邓端红
4572,Man,单春辉
4573,Man,丁有用
4574,Man,彭雅薇
4576,Man,伦霄梵
4577,Man,邹海艳
4580,Man,施荣贵
4581,Man,薛砾
4582,Man,宋超波
4583,Man,杨峰华
4584,Man,白云革
4585,Man,曹红中
4589,Man,王山菡
4590,Man,卜禹
4592,Man,李维利
4594,Man,朱英伟
4595,Man,王涣海
4596,Man,易广金
4599,Man,李柱岭
4600,Man,曾祥轩
4603,Man,李京书
4604,Man,许云宏
4605,Man,廖余秀
4609,Man,索梦威
4610,Man,李欣春
4611,Man,邓宏运
4613,Man,黄力文
4617,Man,陶经海
4619,Man,I新苗
4620,Man,池启松
4625,Man,胡国华
4627,Man,刘万记
4630,Man,主明辉
4631,Man,芦圆
4632,Man,丘洁
4634,Man,徐华云
4637,Man,赵彦科
4639,Man,钱开稳
4640,Man,伍伟英
4641,Man,周发旭
4643,Man,柴银刚
4646,Man,邵剑春
4648,Man,沈春浩
4651,Man,郑雪和
4655,Man,裴露
4663,Man,王勇凤
4667,Man,吴钟民
4674,Man,魏启波
4676,Man,沙林华
4677,Man,周田正男
4678,Man,朱洪派
4682,Man,祝肖冰
4683,Man,禹京哲
4688,Man,王清树
4689,Man,张中荣
4691,Man,刘洪近
4692,Man,黄宏礼
4693,Man,周沈宁
4699,Man,鲍洪杰
4701,Man,徐向锋
4702,Man,胡振洋
4704,Man,张银海
4705,Man,颜金秋
4706,Man,章小东
4707,Man,倪先生
4711,Man,蔡炎林
4712,Man,马允尧
4715,Man,臧浦乐
4717,Man,薛原红
4718,Man,毛盼晴
4719,Man,俞智泷
4722,Man,袁国锋
4724,Man,田继乔
4727,Man,秦瑞杰
4729,Man,丁亚薇
4730,Man,丁飞飞
4732,Man,吕纯鹏
4733,Man,严晓玲
4738,Man,滕征福
4739,Man,鲍中峰
4742,Man,陈凌英
4743,Man,田倩如
4746,Man,吴迎辉
4747,Man,王彦锡
4753,Man,郭娅莉
4758,Man,朱辰凯
4760,Man,李睿科
4761,Man,胡尚民
4763,Man,邸鹏程
4764,Man,俞韶阳
4767,Man,黎美芳
4773,Man,叶献杰
4775,Man,谭国梁
4777,Man,贾志刚王冰
4778,Man,刘思荣
4780,Man,崔永静
4783,Man,黎铭彪
4786,Man,邱剑一
4790,Man,罗福华
4791,Man,桑文静
4793,Man,陶宝利
4794,Man,赵小孔
4795,Man,李燕宏
4797,Man,刘锶乐
4798,Man,杨望倩
4801,Man,陈馆
4807,Man,钟英玉
4808,Man,段来英
4809,Man,梁春星
4810,Man,蒋贱秀
4812,Man,牛维乐
4813,Man,李肖可
4815,Man,清白
4816,Man,王少筠
4817,Man,廖高运
4818,Man,穆忠平
4819,Man,房银莲
4821,Man,官飞
4822,Man,顾烨烨
4824,Man,万明恩
4826,Man,阳龙春
4828,Man,周海浜
4830,Man,卫佳佳
4831,Man,俞浙益
4832,Man,杜博迟
4834,Man,老婆
4837,Man,邓时袋
4838,Man,丁跃彬
4839,Man,矫花
4840,Man,苟璞
4842,Man,高思成
4843,Man,尤道一
4846,Man,康勇涛
4850,Man,徐增芳
4852,Man,曾作朋
4853,Man,雷双梅
4855,Man,雷贤英
4857,Man,何新义
4858,Man,戴辞修
4861,Man,任月旺
4863,Man,李扬鹏
4864,Man,蒋本力
4868,Man,朱昕芸
4873,Man,朱亚烽
4875,Man,黄毅成
4877,Man,冯建明
4882,Man,赵书贞
4884,Man,张瑜琦
4886,Man,池文磊
4887,Man,郭志慧
4888,Man,董瑞举
4889,Man,罗卫斐
4890,Man,严秋怡
4891,Man,S|
4892,Man,王诗红
4893,Man,柴明远
4894,Man,管富铭
4897,Man,周惊灵
4898,Man,王思媛
4901,Man,韩铭庶
4902,Man,高满织
4903,Man,陈炬
4904,Man,孙立中
4905,Man,李桂卿
4909,Man,顾慧东
4911,Man,张丕念
4912,Man,曹守忠
4915,Man,沈成强
4916,Man,熊明水
4917,Man,廖珠妹
4918,Man,戚连成
4923,Man,任光远
4931,Man,陈志哲
4933,Man,白牧
4934,Man,凌天翔
4935,Man,杜洪顺
4936,Man,方林伊人
4937,Man,赵来存
4939,Man,何洪达
4941,Man,吴洪莲
4948,Man,候龙中
4950,Man,x
4953,Man,廉富春
4954,Man,李全来
4956,Man,呼杰宏
4959,Man,李若瀚
4962,Man,余旭虹
4965,Man,耿紫阳
4966,Man,于祥珍
4969,Man,张道玮
4970,Man,顾立智
4973,Man,施振明
4974,Man,尚娜妮
4976,Man,贾晋英
4977,Man,孙嘉麟
4979,Man,苗俊明
4982,Man,陈和保
4983,Man,牛爱东
4984,Man,于霏
4985,Man,韩献伟
4987,Man,张茂琪
4988,Man,阎科
4990,Man,吕约
4991,Man,邹子建
4992,Man,龙江南
4993,Man,符柔则
4994,Man,阎鑫
4996,Man,沈仙领
4997,Man,金怡彤
4998,Man,董美姣
5001,Man,吴许桔
5002,Man,韩祯信
5003,Man,赵丹女
5004,Man,厉锎
5005,Man,单亦红
5009,Man,何光然
5012,Man,孙跃青
5013,Man,秦孝辉
5015,Man,金东锡
5017,Man,程国江
5019,Man,常中昊
5021,Man,徐廷忠
5023,Man,诸明杰
5027,Man,文德耀
5028,Man,江依帆
5030,Man,干伊埋
5031,Man,李仲莲
5033,Man,罗飞野
5034,Man,聂世
5035,Man,郭卓
5038,Man,杨银坡
5042,Man,团王翔
5043,Man,葛晓文
5044,Man,黄美欣
5046,Man,孔新鲁
5050,Man,俞祺枫
5051,Man,廉发强
5054,Man,邵良勇
5058,Man,仉磊
5059,Man,王伟帆
5061,Man,钟钗
5065,Man,冯桂芬
5068,Man,颜建恒
5069,Man,郑华彪
5070,Man,狄太和
5071,Man,周虎秋
5072,Man,帅珍萍
5073,Man,相培超
5074,Man,张廷爱
5079,Man,齐校理
5080,Man,阿拉木德
5085,Man,陆万枝
5087,Man,弓长莉
5088,Man,申华楠
5092,Man,勤瑜
5093,Man,卢立群
5095,Man,佐利克
5096,Man,杭长春
5097,Man,陈程雁
5098,Man,高胜东
5099,Man,楼雨非
5104,Man,刘希寄
5105,Man,姜金玉
5108,Man,韦志锋
5109,Man,杨龙友
5111,Man,李海容
5114,Man,张荣述
5115,Man,梁倩颜
5116,Man,应奔宇
5117,Man,严尚言
5119,Man,江贤喜
5120,Man,武逸凡
5123,Man,徐龙君
5124,Man,蔡建云
5126,Man,林燕超
5128,Man,杜知晓
5131,Man,古元清
5133,Man,柴东明
5139,Man,李仲根
5142,Man,陆学民
5144,Man,彭中光
5147,Man,伊兆健
5150,Man,安文梦
5153,Man,许建源
5157,Man,杨富俊
5158,Man,王恩礼
5160,Man,莫昊
5162,Man,干泓波
5164,Man,曾立云
5168,Man,赵远光
5171,Man,蔡忠桑
5172,Man,潘九云
5173,Man,苏电伟
5176,Man,万赤东
5177,Man,尚宏
5179,Man,马现东
5180,Man,尹成桡
5181,Man,陈友朝
5183,Man,季海舰
5184,Man,衡冬
5185,Man,施康权
5189,Man,毛皇辉
5190,Man,王露遥
5191,Man,许芮梅
5192,Man,杨明厚
5193,Man,谢远财
5195,Man,闫维霞
5196,Man,解俊英
5198,Man,沈熹
5201,Man,贲月娇
5204,Man,廖艳春
5206,Man,何黄庆
5207,Man,庄祥霞
5208,Man,哈国忠
5210,Man,高香叶
5211,Man,胡英才
5212,Man,林红君
5213,Man,路用刚
5214,Man,刘保兰
5215,Man,吴秀身
5218,Man,韦佩顺
5221,Man,彭祖人
5222,Man,丁之文
5226,Man,韦延优
5227,Man,徐松松
5228,Man,汪文士
5231,Man,郭晓胡
5232,Man,仲卫刚
5233,Man,尹庆恩
5234,Man,郭许
5235,Man,练青红
5236,Man,苏纪英
5237,Man,潘耀璋
5238,Man,吴晶峰
5239,Man,王开君
5241,Man,汤彦近
5242,Man,叶如章
5246,Man,罗宸纬
5249,Man,唐欣伟
5250,Man,杨银剑
5252,Man,承德顺
5254,Man,王鹏波
5255,Man,郭会森
5256,Man,黄利权
5262,Man,白彻
5265,Man,曾薪
5268,Man,米宝国
5271,Man,温梦蝶
5273,Man,伊剑锋
5275,Man,张必松
5276,Man,郑月娇
5277,Man,吴许潭
5278,Man,杜锦祥
5279,Man,顾之莺
5281,Man,丁泉峰
5286,Man,刁妍今
5287,Man,魏玉存
5290,Man,徐栋梅
5291,Man,车建红
5292,Man,董克凝
5301,Man,吴梅竹
5302,Man,李文赞
5305,Man,林君怡
5309,Man,仇烈保
5310,Man,季长根
5311,Man,易虹
5312,Man,薛志承
5313,Man,孙怡萌
5314,Man,张庆纯
5315,Man,于双新
5319,Man,孙干珍
5322,Man,周杨勇
5323,Man,夏守阔
5324,Man,解小翠
5329,Man,朱耀晖
5331,Man,张泰雷
5333,Man,王中伟
5336,Man,朱再飞
5337,Man,占银梅
5339,Man,董冰杰
5341,Man,梁明纯
5346,Man,陈骏龙
5349,Man,吴抡福
5351,Man,毛勋国
5352,Man,金国茵
5353,Man,梁一华
5355,Man,仇苗星
5356,Man,奚秀娣
5358,Man,张彩九
5359,Man,何丹亮
5363,Man,谢金琰
5365,Man,高俊梅
5369,Man,苗雨婷
5370,Man,茅南莲
5371,Man,吴佳喜
5375,Man,李叶江
5376,Man,郝漂亮
5379,Man,谢昕婧
5387,Man,王东山双早
5388,Man,车黎明
5390,Man,郑轶男
5394,Man,何元莲
5396,Man,叶盛盛
5399,Man,张快乐
5400,Man,周健鹏
5401,Man,唐闻博
5402,Man,卫志勇
5404,Man,俞凌云
5406,Man,邱华朋
5409,Man,吕冰洋
5410,Man,曲凌玲
5411,Man,惠富敏
5413,Man,史鑫尧
5415,Man,李亭强
5417,Man,赵翰
5418,Man,盛燕
5419,Man,谭进进
5422,Man,范含莲
5423,Man,郭呈才
5426,Man,邓月君
5427,Man,曹昌权
5429,Man,王之怡
5430,Man,林兴振
5431,Man,管庆平
5432,Man,娄红秀
5434,Man,胡松亮
5437,Man,肖久胜
5441,Man,廖洁琳
5442,Man,高玉爽
5443,Man,张占晶
5446,Man,冯韶南
5449,Man,贺云富
5452,Man,仵晓菲
5453,Man,袁彩新
5454,Man,许无
5458,Man,陈凤其
5459,Man,王育雷
5463,Man,林爱雄
5467,Man,谢纯青
5469,Man,孙信锋
5473,Man,郑庭俊
5474,Man,吴瑞洲
5475,Man,韩易杉
5476,Man,梁贝兰
5477,Man,贾仁康
5484,Man,雄
5486,Man,王夭乙
5487,Man,林以成
5489,Man,胡巧笑
5490,Man,龚玉昂
5491,Man,李炜钦
5496,Man,刘创伟
5497,Man,杨龙晶
5498,Man,张孙永
5500,Man,苑德平
5501,Man,袁辉刚
5503,Man,俏挠
5507,Man,陈天恒
5512,Man,吴华革
5514,Man,张云新
5516,Man,童竟革
5517,Man,申瑶云
5519,Man,陈秋铭
5520,Man,迟志岚
5523,Man,刘风学
5524,Man,福音
5526,Man,邬哲峰
5531,Man,姜锡勇
5532,Man,邵少
5534,Man,廖仲毅
5537,Man,周芬玉
5539,Man,智绪新
5540,Man,卞成娟
5543,Man,徐守城
5545,Man,马泓
5547,Man,吴唯霞
5548,Man,徐美琦
5551,Man,梁慧瑜
5553,Man,赵秀容
5558,Man,魏厚旭
5562,Man,曾繁洪
5563,Man,张坚业
5564,Man,周国学
5567,Man,孙囡英
5569,Man,窦婉
5570,Man,赵陇珍
5572,Man,季红杰
5575,Man,刘皓祖
5578,Man,邱丽萍
5580,Man,张强盛
5581,Man,赵号礼
5582,Man,吴绍雷
5583,Man,全仲飞
5584,Man,张琮岳
5586,Man,欧加敏
5588,Man,姚旺
5589,Man,师博燕
5592,Man,黄鸥南
5593,Man,吴蛔
5594,Man,郑有龙
5596,Man,刘湘英
5599,Man,陈士兰
5600,Man,朱润杉
5601,Man,陈永耐
5603,Man,胡晓泉
5604,Man,赖红娜
5605,Man,段红武
5608,Man,邓长琴
5609,Man,黄兴玲
5610,Man,程保生
5611,Man,姚贵强
5613,Man,孙至安
5615,Man,邵宝奎
5616,Man,秦忠鑫
5618,Man,于长梅
5625,Man,倪军辉
5626,Man,果芬
5628,Man,邵彭哲
5629,Man,咸怀礼
5630,Man,耿大峰
5633,Man,周福春
5634,Man,江国录
5635,Man,戎大贤
5638,Man,颜才定
5639,Man,武洪娥
5640,Man,颜景赫
5641,Man,辜志荣
5643,Man,樊玉祥
5646,Man,杜广强
5647,Man,孙维锐
5648,Man,于尚民
5651,Man,张东俊
5653,Man,余海辉
5655,Man,郭宏保
5658,Man,林世福
5660,Man,李二同
5661,Man,陶献红
5662,Man,陈峥嵘
5664,Man,宋卫俊
5666,Man,易善翔
5671,Man,饶鸾鸾
5673,Man,范正好
5674,Man,龚丽琼
5676,Man,赵筑君
5677,Man,刘培田
5678,Man,迮钧霆
5680,Man,邹红莲
5682,Man,邵博云
5684,Man,赵云鸽
5687,Man,藏恒
5690,Man,任昌雷
5691,Man,兰俊德
5692,Man,帕尔哈提卡德尔
5693,Man,魏佳芸
5696,Man,张景光
5698,Man,王廷六
5699,Man,何恒毅
5700,Man,唐家琪
5701,Man,陈流林
5702,Man,陈士方
5703,Man,曹小茹
5705,Man,周梓丞
5706,Man,王军明
5709,Man,陈纪初
5710,Man,和春旺
5712,Man,栾柏慨
5713,Man,阴容
5714,Man,楚泽滨
5715,Man,臧利
5716,Man,马雅靖
5718,Man,曾骏
5719,Man,杜玉聪
5720,Man,李迷卫
5721,Man,童莹莹
5724,Man,赵新曦
5726,Man,吴铬
5727,Man,安法辉
5729,Man,王玉锋
5732,Man,常开键
5735,Man,杨军庆
5745,Man,王召信
5746,Man,亓忠慧
5748,Man,白红杰
5751,Man,刘爱儿
5752,Man,曹若瑜
5754,Man,赵成伟
5755,Man,彭凤枝
5756,Man,朱晋怀
5760,Man,潘玉井
5761,Man,朱筱君
5762,Man,区润祥
5763,Man,傅耀鑫
5764,Man,洪之菁
5765,Man,玄崇
5769,Man,丁爱峰
5770,Man,时启国
5771,Man,褚修全
5772,Man,洪小阳
5773,Man,战英楠
5774,Man,张青元
5776,Man,侯凤梅
5782,Man,刘新位
5784,Man,李明霓
5785,Man,翁吉云
5786,Man,王余宝
5787,Man,程漫红
5788,Man,张箭箭
5790,Man,肖树冬
5792,Man,徐蓓苓
5793,Man,钱陆威
5795,Man,丛艾晶
5796,Man,雷通融
5798,Man,刘其军
5799,Man,娄文毫
5800,Man,朱仕富
5802,Man,吴荫先
5803,Man,官一山
5804,Man,莫松河
5805,Man,狄正东
5806,Man,宋修无
5807,Man,单静儿
5808,Man,任晴
5809,Man,茹东泉
5810,Man,习国兵
5811,Man,韦敏玲
5812,Man,茅h
5813,Man,陈霖霏
5814,Man,姜鸿鹏
5816,Man,江礼诚
5818,Man,方奎霞
5819,Man,徐时
5820,Man,耿华宁
5823,Man,艾文友
5826,Man,张庆雄
5827,Man,张登友
5829,Man,李芷安
5831,Man,张云驰
5832,Man,刘焱赫
5834,Man,付佩俊
5835,Man,黄启仙
5840,Man,戎苏敏
5843,Man,南恒佳
5845,Man,美团胡继俊
5846,Man,王付栋
5847,Man,商咪咪
5848,Man,夏锦清
5849,Man,郭惠朝
5850,Man,曹寸
5851,Man,花燕蕾
5852,Man,刘忠宝
5853,Man,施月壕
5855,Man,蒯衔
5857,Man,苏忠设
5858,Man,宋德征
5861,Man,尚乘达
5862,Man,庄少丽
5865,Man,韩荆林
5867,Man,谢秉橡
5868,Man,毛震宇
5872,Man,苏向东
5873,Man,邱谡中
5874,Man,董琛郴
5876,Man,何惠良
5877,Man,吴道笑
5879,Man,杨钰茵
5881,Man,杨曼舒
5884,Man,张月久
5885,Man,张宇于
5886,Man,麻俭涛
5891,Man,谢梦斯
5894,Man,齐孔田
5895,Man,赵伯恩
5897,Man,王宗辈
5900,Man,卢悟广
5902,Man,詹徽
5903,Man,李莉薪
5904,Man,吴多鹏
5910,Man,施静文
5911,Man,张赛洪
5912,Man,韩庭恩
5913,Man,杜o杰
5914,Man,吕润安
5915,Man,姚翠玲
5917,Man,留迎佳
5919,Man,杜向龙
5920,Man,胡向贵
5921,Man,许秉军
5922,Man,汪子波
5923,Man,杨道垣
5925,Man,张懿菲
5926,Man,蔡克强
5927,Man,黄元丽
5930,Man,魏凤喜
5932,Man,陈松桃
5936,Man,魏养民
5938,Man,江滋成
5939,Man,赖根龙
5940,Man,白望朝
5942,Man,周德省
5943,Man,瞿亚军
5944,Man,林诤
5945,Man,曹纲勋
5946,Man,王先兰
5947,Man,蔡顺兴
5950,Man,穆天
5951,Man,王恩普
5952,Man,沈崇麟
5953,Man,何皆宜
5954,Man,暴艳春
5956,Man,翟杰全
5957,Man,郑晓瑜
5959,Man,徐镇兰
5960,Man,居俊鹏
5961,Man,朱纤睿
5962,Man,张成可
5963,Man,彭运红
5965,Man,钟贤荣
5967,Man,梁眷衡
5970,Man,徐雨熙
5971,Man,孙于兰
5972,Man,郭施斯
5973,Man,黄艺洁
5976,Man,廖忠福
5979,Man,邹浩琨
5980,Man,彭彦芳
5981,Man,冷勇江
5982,Man,吴国凡
5983,Man,柳赫
5986,Man,窦国斌
5987,Man,刘见治
5989,Man,王爱月
5990,Man,张德很
5996,Man,潘嘉琪
5997,Man,赵江冠
6001,Man,沈金金
6002,Man,孙方贺
6005,Man,苏璜
6007,Man,郝锴玉
6009,Man,黄家如
6012,Man,何宝琴
6016,Man,董艺莉
6017,Man,甘晓宏
6019,Man,王素峡
6020,Man,陈铁林
6021,Man,谢长忠
6022,Man,谭勉
6023,Man,陈馨雅
6024,Man,包佰澄
6028,Man,张勇飞
6030,Man,蒋成龙
6032,Man,东铭
6033,Man,边嘉兴
6034,Man,房利平
6035,Man,谭慧银
6039,Man,任英涛
6044,Man,宫佰一
6047,Man,吴美东
6049,Man,河玉清
6051,Man,冉莉萍
6052,Man,彭海朋
6055,Man,沈向辉
6060,Man,吴垒
6061,Man,万燕
6062,Man,张宇惠
6066,Man,田国珍
6068,Man,朱孔升
6071,Man,张升金
6072,Man,张博纶
6073,Man,朱钦明
6077,Man,于敬龙
6078,Man,何洪阳
6082,Man,蒋一宁
6087,Man,耿倩雯
6088,Man,周夭
6091,Man,笪建斌
6093,Man,冉团结
6098,Man,罗泰成
6099,Man,林晓政
6100,Man,高艳绪
6101,Man,杨兰秀
6103,Man,袁佑娟
6104,Man,戚培培
6107,Man,薛达心
6110,Man,林小韦
6111,Man,周群民
6113,Man,崔孝城
6114,Man,廖文力
6118,Man,朱航漫
6120,Man,张怡娟
6128,Man,王舒凯
6130,Man,高令春
6131,Man,鲁帮生
6134,Man,孟国和
6135,Man,时建勇
6136,Man,郭启志
6143,Man,乔桂平
6144,Man,兰士军
6146,Man,郭映君
6147,Man,郑巨省
6151,Man,陶兢
6152,Man,黎晶晶
6154,Man,余洪平
6155,Man,余院生
6156,Man,王钢章
6157,Man,从桂梅
6158,Man,章富杰
6161,Man,谈语蝶
6162,Man,路传国
6164,Man,章凤君
6165,Man,初圣杰
6167,Man,袁永哲
6169,Man,杜长举
6172,Man,廖应斌
6174,Man,陈秀鸣
6175,Man,姚杏刚
6176,Man,汪小霞
6177,Man,杜育纯
6178,Man,徐桂春
6179,Man,熊大安
6181,Man,张琅
6183,Man,盛文才
6184,Man,胡大群
6186,Man,段毅辉
6188,Man,孟丰
6190,Man,刘栖廷
6192,Man,王冬跃
6193,Man,姜天益
6194,Man,曾祯
6197,Man,戚发荣
6198,Man,周本荣
6201,Man,周伟耀
6202,Man,舒梦妍
6203,Man,王如茂
6204,Man,任景玉
6205,Man,石如春
6206,Man,黄锋候
6207,Man,范青怡
6209,Man,鄂迎盈
6211,Man,张雅铭
6214,Man,夏立民
6216,Man,张鑫彪
6228,Man,杨顶柱
6229,Man,常治江
6230,Man,高勇江
6231,Man,甘念重
6232,Man,梁飞刚
6233,Man,姚世化
6235,Man,卢蕊萍
6236,Man,胡曼萍
6237,Man,林敬棠
6239,Man,殷启亮
6240,Man,王得柱
6241,Man,安志一
6243,Man,代金秋
6246,Man,沈仰同
6249,Man,刘昌炳
6250,Man,魏淳雅
6252,Man,吴耀华
6253,Man,王春冬
6254,Man,顾张巍
6256,Man,唐航兵
6258,Man,吴道惠
6260,Man,招玉观
6264,Man,张琪雅婷钟
6265,Man,孙顺宝
6267,Man,熊华坤
6268,Man,白全则
6270,Man,吴祝琪
6272,Man,赵学钊
6273,Man,米保宏
6275,Man,凌洲
6278,Man,尉海静
6280,Man,谢会超
6281,Man,印晓星
6282,Man,杨月丽
6285,Man,熊学琼
6286,Man,庄福庭
6287,Man,陈帼妍
6288,Man,申为国
6290,Man,滕得民
6292,Man,李宗遥
6293,Man,徐凤凤
6294,Man,孔炳华
6296,Man,陆惠飞
6297,Man,迟祖繁
6298,Man,江艳清
6299,Man,蔡志霞
6300,Man,邓煦梅
6302,Man,汤诺
6307,Man,林檬
6314,Man,余春蕾
6318,Man,姜保才
6320,Man,方杨昆
6321,Man,李荣会
6326,Man,张O
6328,Man,陶小威
6332,Man,武根昌
6340,Man,钟点赵林斌
6341,Man,张生满
6342,Man,李学钰
6344,Man,江明国
6345,Man,林凤蓉
6347,Man,丛旭东
6348,Man,鲁超峰
6353,Man,费俐娟
6355,Man,韩晓
6358,Man,叶家荣
6361,Man,章玮力
6362,Man,蔡瑞安
6363,Man,杜展玲
6364,Man,牛小伟
6365,Man,侯晗沂
6368,Man,廖荣新
6370,Man,葛香花
6372,Man,唐根松
6373,Man,庄晋悦
6374,Man,滕丕磊
6375,Man,阮慎康
6376,Man,郝智哲
6377,Man,姜玉琼
6379,Man,佟国珍
6381,Man,有葳
6386,Man,林惠銮
6391,Man,顾以正
6393,Man,贾树万
6394,Man,马利亚
6396,Man,吴琰
6399,Man,徐桂波
6404,Man,蔡仙江
6408,Man,史懿轩
6409,Man,李安前
6412,Man,万广磊
6413,Man,仲纪凤
6415,Man,邓斌武
6416,Man,杨平姿
6417,Man,蒲海丽
6419,Man,马宝印
6421,Man,更何况你
6422,Man,景新华
6423,Man,张晓嵋
6429,Man,蔡俊日
6430,Man,陈傀
6431,Man,孙浩栋
6432,Man,龙平丽
6433,Man,邓继超
6434,Man,楼婕妤
6435,Man,罗海兵
6438,Man,黄振鸿
6440,Man,邱浩瑜
6441,Man,邓雅菲
6442,Man,江可军
6443,Man,喻迎秋
6444,Man,梁爱菊
6447,Man,于东晓
6448,Man,祁德俊
6449,Man,韩红莲金红叶
6451,Man,薛振喜
6453,Man,崔世轩
6454,Man,夏利春
6456,Man,杨功友
6459,Man,尹超前
6460,Man,葛景景
6462,Man,费茉莉
6464,Man,苏永鹏
6467,Man,刘晓臣
6468,Man,魏春福
6471,Man,隋秀静
6473,Man,虞雁凌
6475,Man,戴君芬
6476,Man,李盛娥
6477,Man,黄伟余
6478,Man,陈天水
6479,Man,李欣仓
6481,Man,罗雨燕
6482,Man,周囡
6485,Man,利文萍
6486,Man,陈雅纯
6487,Man,吴基和
6492,Man,尤丽雅
6493,Man,陈申吉
6494,Man,黄怡凯
6497,Man,殷齐
6499,Man,杨寅腾
6500,Man,金肖虎
6501,Man,林雅婷
6503,Man,章成爱
6504,Man,卢新万
6505,Man,宁继奎
6509,Man,陆加根
6510,Man,林芳忠
6512,Man,岑雁屏
6513,Man,索娅
6516,Man,曾远丽
6517,Man,晏小伟
6522,Man,沈齐波
6524,Man,杨怀通
6529,Man,韩元娟
6530,Man,靳富强
6532,Man,诸红
6533,Man,辜小东
6535,Man,柯顺平
6537,Man,汪冠隆
6539,Man,孙乐华
6541,Man,盛清国
6545,Man,程爱光
6548,Man,汤戈
6550,Man,赵章享
6553,Man,凌华平
6559,Man,张时期
6562,Man,王杰斯
6566,Man,臧天聪
6567,Man,张唯釉
6569,Man,王柏朵
6573,Man,陈继灵
6574,Man,漆志诚
6575,Man,崔令芳
6576,Man,华晓庭
6577,Man,杨忠允
6580,Man,陆阿贤
6581,Man,刘日群
6582,Man,毕利军
6583,Man,骆华超
6584,Man,战久文
6585,Man,戴玲俐
6587,Man,朱同德
6588,Man,周靓h
6593,Man,孔德洲
6598,Man,肖天侠
6600,Man,那欣祺
6601,Man,丁业静
6603,Man,范琼文
6604,Man,张克学
6605,Man,深新焕
6606,Man,曾旭伟
6607,Man,阿批
6609,Man,林余
6610,Man,王开许
6611,Man,王珊小时
6613,Man,贾安明
6614,Man,徐重行
6616,Man,石定文
6617,Man,陆映州
6619,Man,周小燕
6620,Man,方岑天
6622,Man,侯轶
6624,Man,王旭银
6625,Man,何晗晟
6626,Man,窦谱班
6628,Man,郑皓悦
6629,Man,郭功锐
6630,Man,叶茂章
6632,Man,曹泽蓉
6633,Man,郝思羽
6635,Man,房熠晖
6637,Man,王龙华
6638,Man,牧浩杰
6644,Man,曲宇斌
6645,Man,朱明香
6646,Man,来杏仙
6648,Man,陈守小
6649,Man,王圆综
6650,Man,曹双富
6652,Man,陈长珍
6653,Man,于泽勇
6654,Man,曾培荣
6655,Man,毕俊超
6657,Man,陈艳蕾
6659,Man,安世健
6660,Man,何青阳
6663,Man,戴恒利
6664,Man,丁海城
6665,Man,张进程
6667,Man,张秋楷
6668,Man,何美贤
6669,Man,姚栅栅
6673,Man,裘加超
6674,Man,丁晓婷
6675,Man,黄大星
6676,Man,杨淑忠
6677,Man,陈以莲
6678,Man,徐建锋
6682,Man,邓新欢
6684,Man,丁济峰
6685,Man,刘程娣
6686,Man,路获
6690,Man,祁承亮
6691,Man,韦元贵
6693,Man,杨向富
6695,Man,阴宁刚
6701,Man,戴明鑫
6702,Man,陈友华
6704,Man,王新斌
6707,Man,邹欢欢
6708,Man,严粉粉
6709,Man,瞿鸿发
6710,Man,何云鹤
6712,Man,毛云帆
6713,Man,张夏瑾
6714,Man,钟炉仙
6715,Man,秦义文
6718,Man,邓先求
6720,Man,武仁斌
6722,Man,封九根
6723,Man,黄秋读
6724,Man,顾皑斐
6725,Man,陈彬林
6727,Man,谷明坤
6730,Man,来小华
6731,Man,肖诗慧
6732,Man,杨劲威
6733,Man,隋建州
6736,Man,卞锡宏
6739,Man,田宝星
6740,Man,鞠永波
6741,Man,黄沛臻
6743,Man,吕东庆
6745,Man,唐明华
6747,Man,吴春忠
6751,Man,徐霞琼
6753,Man,叶方强
6754,Man,张渭贤
6756,Man,高兴苗
6757,Man,张霹
6761,Man,卢金泰
6762,Man,宣庭沛
6764,Man,陈利亭
6773,Man,赵风德
6776,Man,袁国伦
6778,Man,秦燕芝
6780,Man,郑伊政
6782,Man,洪园园
6784,Man,邹礼学
6785,Man,黄姿
6786,Man,李健平
6788,Man,徐龙玉
6791,Man,梁鲲
6794,Man,王阗
6795,Man,兰海忱
6796,Man,张淘
6799,Man,胥成强
6800,Man,陈仁翠
6801,Man,谢清雄
6805,Man,要龙
6806,Man,金祥增
6811,Man,过叙丰
6812,Man,国成慕
6813,Man,柯阿斗
6816,Man,袁会生
6818,Man,任喜明
6820,Man,黄东怀
6823,Man,石铁民
6826,Man,肖渝书
6828,Man,岑腾飞
6829,Man,储照松
6830,Man,柳巧
6831,Man,袁建宏
6833,Man,孙忠双
6836,Man,邓文雯
6837,Man,彭俊东
6841,Man,苗俊睿
6842,Man,张雷君
6843,Man,安会娟
6844,Man,曹广慧
6845,Man,詹郭伟
6849,Man,主金琶
6851,Man,夏兴云
6852,Man,赖陶
6855,Man,徐溥
6856,Man,余秀建
6859,Man,郭启根
6862,Man,东琳
6867,Man,何贤洁
6869,Man,辛江明
6872,Man,朱全巨
6873,Man,郝辰龙
6875,Man,常梦佳
6878,Man,段诚蕾
6879,Man,程金祥
6880,Man,程若朋
6881,Man,施业文
6882,Man,曲建青
6883,Man,王诚钟
6884,Man,徐际栋
6885,Man,范学雨
6887,Man,翁飞剑
6888,Man,尚俊华
6891,Man,罗吟铃
6900,Man,潘求龙
6902,Man,谈蒙
6903,Man,汪长永
6904,Man,丁照芬
6905,Man,林信明
6906,Man,邢炜
6909,Man,查仁国
6910,Man,马文豹
6918,Man,新视界李云海
6919,Man,许铅治
6921,Man,马顺文
6922,Man,冯小岗
6923,Man,吴培荣
6924,Man,白伟莉
6925,Man,祁臣萍
6926,Man,闫耀公
6929,Man,王素玉
6930,Man,吴毓妹
6932,Man,郝雪英
6934,Man,孙韶宾
6937,Man,阎晋琪
6938,Man,祖丙博
6941,Man,尚献国
6943,Man,周福富
6944,Man,吕千春
6945,Man,佐藤稔
6947,Man,张睿阳
6948,Man,缪爱东
6949,Man,陈慰虹
6951,Man,潘成群
6956,Man,李一
6963,Man,刘合发
6964,Man,喻增运
6968,Man,王刚德
6970,Man,盖寅哲
6971,Man,温若飞
6973,Man,曲爱贞
6979,Man,戴广全
6982,Man,黄孔兴
6983,Man,王兆村
6984,Man,吴醉亭
6987,Man,葛占荣
6991,Man,卢候
6993,Man,冷冰川
6994,Man,杨松梅
6995,Man,童伟荣
6996,Man,高祥艳
6997,Man,邵日峰
7000,Man,陈凯琴
7001,Man,张爱林
7004,Man,戴忠贵
7005,Man,陈奋涛
7006,Man,黄招兴
7007,Man,闫喜立
7010,Man,郝永铃
7013,Man,范增文
7014,Man,陈治武
7015,Man,宗t
7016,Man,杨舒茹
7018,Man,谈年军
7021,Man,鲍俊琳
7024,Man,马瑾毓
7026,Man,陆益波
7027,Man,章琼裙
7028,Man,宋造造
7029,Man,唐冶中
7033,Man,邹香
7037,Man,万佳
7038,Man,刘昌芳
7040,Man,卢华锋
7041,Man,高亚茜
7042,Man,时登毅
7044,Man,龚法端
7045,Man,吕文良
7046,Man,蔡鸥
7047,Man,王良坚
7048,Man,张千关
7049,Man,郝喜艳
7053,Man,刘焕莉
7054,Man,田庆蓉
7055,Man,白新科
7057,Man,尤成鑫
7061,Man,曹荣芬
7063,Man,侯煜
7064,Man,康地中
7065,Man,徐松娥
7066,Man,郜少波
7068,Man,薛树煜
7069,Man,裴恒赫
7070,Man,钱后刚
7072,Man,余根法
7073,Man,陈雄志
7075,Man,王唐姆
7078,Man,赵辉华
7079,Man,吕子滨
7083,Man,初嘱
7087,Man,叶文昊
7088,Man,李梦舒
7091,Man,郝朋霞
7092,Man,姚奇
7097,Man,孙伟言
7101,Man,申传峰
7102,Man,杨宜昌
7105,Man,李家惠
7106,Man,武利慧
7108,Man,施冬蕾
7109,Man,白毓英
7110,Man,班梦迪
7113,Man,徐新君
7117,Man,苗向国
7118,Man,左爱芝
7120,Man,张世飞
7121,Man,曾枷辉康源节能
7123,Man,欧淮矿
7124,Man,严喜华
7126,Man,韩文骥
7127,Man,杨加全
7128,Man,倪彦华
7129,Man,冯惠梨
7130,Man,李博元
7133,Man,强彬
7134,Man,李伯瑜
7137,Man,魏小年
7139,Man,杨希龙
7140,Man,刘恩家
7142,Man,任飞跃
7145,Man,唐中媛
7147,Man,贾奈良
7148,Man,贾绍飞
7150,Man,柳文凭
7152,Man,谭淳镶
7153,Man,宋晓下
7158,Man,车勇敢
7159,Man,魏从楼
7160,Man,王传晖
7163,Man,郭少亮
7165,Man,吕玉林
7167,Man,王晓翔
7168,Man,游景清
7169,Man,李王峰
7170,Man,应洪祥
7174,Man,颜怀修
7175,Man,郝美娜
7179,Man,房锋
7180,Man,李军伶
7181,Man,林鸣洲
7184,Man,李馥伸
7188,Man,郭先立
7190,Man,郑振加
7192,Man,金新路
7193,Man,佘尚锋
7194,Man,方万进日
7195,Man,衣恒才
7197,Man,吕维芹
7198,Man,邓兆文
7202,Man,朱玩纯
7203,Man,罗嘉志
7204,Man,匡洪福
7207,Man,孙雨荷日
7208,Man,杨惠珊
7209,Man,黄传东
7212,Man,蒋得军
7217,Man,巫万清
7221,Man,胡有顺
7224,Man,莫骏俊
7225,Man,李著淘
7227,Man,裴光前
7228,Man,瞿西桂
7231,Man,叶岚
7232,Man,林阿块
7233,Man,白培胜
7234,Man,刘向勇
7235,Man,苏中舟
7237,Man,顾小明
7238,Man,邢晶晶
7244,Man,王鸣翔
7248,Man,聂肖
7251,Man,成立敏
7252,Man,胡铁南
7253,Man,尤心心
7254,Man,康顶
7256,Man,孔云梦
7259,Man,蒋广宝
7260,Man,邓映堂
7261,Man,陈全冰
7262,Man,张馨媛
7263,Man,樊虎彪
7264,Man,曹忠明
7266,Man,宋筱斐
7267,Man,陈传仙
7270,Man,俞文琦
7272,Man,贾瑞芝
7273,Man,狄长林
7275,Man,严爱荣
7277,Man,余光生
7279,Man,叶征愚
7281,Man,臧继发
7282,Man,薛宇欧
7283,Man,洪涛
7284,Man,孟云亚
7285,Man,康自军
7287,Man,冯永标
7290,Man,秦文茵
7291,Man,强晓勇
7293,Man,卢功军
7295,Man,毕天鹤
7296,Man,马尚成
7297,Man,胡松丽
7299,Man,施莉娟
7305,Man,林玉耀
7307,Man,孙元星
7308,Man,苑炳杰
7309,Man,邱艳茹
7310,Man,边海富
7311,Man,武天洪
7313,Man,钟红美
7315,Man,丁沪生
7316,Man,叶如冰
7317,Man,臧金爽
7318,Man,尚林凤
7320,Man,鞠宏彬
7321,Man,祝光勇
7324,Man,徐可华
7328,Man,过毅
7331,Man,谢启强
7332,Man,王青红
7333,Man,宇择纫餐
7334,Man,陈锐平
7336,Man,陈政铿
7337,Man,唐婷桦
7339,Man,李千玲
7340,Man,荣淑华
7341,Man,胡红校
7346,Man,张少风
7347,Man,诸棋
7353,Man,霍发
7354,Man,潘雪方
7356,Man,黄雷斌
7357,Man,戴天君
7360,Man,覃正纳
7361,Man,孙薇玲
7363,Man,刘霞钰
7365,Man,臧建磊
7367,Man,陈艳国
7368,Man,孔玉娉
7369,Man,石大五
7370,Man,饶益华
7371,Man,崔舒雅
7381,Man,周光木
7383,Man,路程缨
7385,Man,游颖琳
7387,Man,蒋满芬
7393,Man,韩琢
7395,Man,郭要华
7396,Man,石碧海
7402,Man,苗孟凯
7403,Man,范云红
7407,Man,任宗正
7408,Man,万和兵
7409,Man,季鑫磊
7410,Man,吴秀方
7418,Man,赵聪磊
7419,Man,解玉龙
7420,Man,翁少兰
7422,Man,翟冠忠
7423,Man,田健勇
7427,Man,徐宝贞
7428,Man,沙声伟
7429,Man,万春华
7431,Man,江多群
7432,Man,杨益飞
7434,Man,曾健杰
7435,Man,毛福年
7437,Man,杨凌枫
7438,Man,方霁
7440,Man,聂吉
7442,Man,余树成
7443,Man,张诗义
7445,Man,王亚轲
7447,Man,张皓冰
7448,Man,卫晓南
7449,Man,宋红玉
7452,Man,宋秋生
7455,Man,蒋登宏
7456,Man,陈良惜
7457,Man,贺幼珊
7462,Man,池谊
7466,Man,赵亚朋
7467,Man,史国昶
7468,Man,姜金宏
7471,Man,陈伯翰
7474,Man,廖思宏
7477,Man,邵连意
7482,Man,黄夭兵
7483,Man,党航
7486,Man,梅景日
7488,Man,罗中安
7490,Man,张其锋
7491,Man,汤祝静
7496,Man,尹树芳
7498,Man,常俊岭
7499,Man,东秀梅
7500,Man,郑立诠
7502,Man,陆湘黔
7505,Man,阎学美
7506,Man,蔡若诗
7507,Man,周军宇
7510,Man,马同强
7514,Man,李秀茹
7515,Man,常李
7518,Man,刘佳卓
7522,Man,官越晖
7524,Man,王崇铸
7525,Man,堪青平
7526,Man,金佳华
7527,Man,朱伯纳
7530,Man,辛文德
7531,Man,乃吉玛
7533,Man,洪丹阳
7535,Man,王靖元
7536,Man,崔钗
7537,Man,常美癸
7538,Man,王连几
7539,Man,王秀君
7540,Man,王政德
7544,Man,祁振兴
7545,Man,青心妍
7546,Man,韦晓斌
7550,Man,何鹏云
7551,Man,俞力贤
7554,Man,孔洁慧
7555,Man,白佑亮
7558,Man,田先冲
7560,Man,杜达锋
7563,Man,倪郑辉
7565,Man,钟汉淋
7567,Man,干为红
7568,Man,石新明
7569,Man,罗绪坚
7570,Man,施显民
7574,Man,刘念伟
7578,Man,李伟冈
7579,Man,梁柳琼
7580,Man,王保余
7584,Man,张昌荣
7587,Man,陈遥明
7588,Man,罗幸媚
7589,Man,朱彬冰
7592,Man,汪文菊
7594,Man,郭永业
7596,Man,郭施雪卿
7597,Man,薛美
7599,Man,孙军龙
7601,Man,陈代飞
7602,Man,宴丽琼
7605,Man,欧希昌
7606,Man,牧含巧
7607,Man,付自文
7609,Man,吴限莉
7612,Man,楼宏伟
7613,Man,赵筱俊
7615,Man,麻雁斌
7620,Man,于兆林
7622,Man,覃祖宾
7625,Man,丁传超
7626,Man,石振邦
7628,Man,边常华
7629,Man,鱼奇鳞单早
7632,Man,肖跃梅
7633,Man,姬静静
7634,Man,余有冰
7635,Man,闻岳敏
7636,Man,吴雁辉
7637,Man,胡宇言
7639,Man,周庆镜
7641,Man,许凤阳
7642,Man,丁爱霞
7644,Man,尉星
7645,Man,徐君红
7646,Man,魏智
7647,Man,程炳宏
7649,Man,张本恕
7651,Man,刘枝柏
7652,Man,翁舒畅
7653,Man,刘太松
7654,Man,姜春防
7658,Man,李胎振
7660,Man,范京俊
7661,Man,伍华丽
7662,Man,刘惠侠
7663,Man,郝绍连
7664,Man,邱泉丰
7669,Man,余劲军
7671,Man,柯军
7673,Man,黄景源
7674,Man,黄雄豪
7675,Man,刘斯良
7681,Man,于罗耀
7683,Man,胡志洪
7688,Man,龙正洋
7690,Man,徐所仙
7696,Man,黄君一
7697,Man,阿什顿飞
7698,Man,宗三民
7699,Man,傅智恒
7702,Man,柯小彤
7711,Man,奚璐媛
7713,Man,阮宇军
7714,Man,陈普臻
7715,Man,胡圣恺
7719,Man,何云青
7720,Man,曾润东
7721,Man,陈爱些
7723,Man,卢生清
7726,Man,周志杰
7728,Man,阎庐峰
7731,Man,许光峰
7732,Man,罗珍惠
7733,Man,钱家谦
7736,Man,齐冬帅
7738,Man,夏京广
7740,Man,姜怀榕
7741,Man,甄艳丽
7747,Man,饶超斌
7748,Man,丰拓经
7749,Man,彭垒垒
7750,Man,罗洪国
7754,Man,徐峰燕
7755,Man,庞锴
7758,Man,周议庆
7760,Man,杜惠好
7761,Man,黎汉发
7762,Man,张邓雪芬
7765,Man,谷贺卫
7766,Man,沈婉莹
7767,Man,金勋彬
7769,Man,林菁华
7770,Man,蒋章品
7771,Man,郑流鑫
7774,Man,席曼云
7775,Man,于泽震
7776,Man,先小琼
7779,Man,正大天晴何振兴
7784,Man,聂秋萍
7785,Man,欧倩
7786,Man,陈敏珊
7788,Man,赵解文
7789,Man,张行进
7791,Man,成洪君
7793,Man,曾庆翼
7794,Man,张力馥
7795,Man,李轶航
7800,Man,刘提国
7801,Man,钱志川
7806,Man,罗d
7807,Man,夏庆兰
7809,Man,刘松怀
7815,Man,唐尧禹
7817,Man,席荪兰
7819,Man,皮宜烈
7820,Man,黄立影
7821,Man,贺辑
7823,Man,胡秀玲
7825,Man,施雅巧
7826,Man,秦大珂
7830,Man,郑v宗
7831,Man,李金肇
7832,Man,向美锦
7833,Man,梁海兵
7834,Man,钟景武
7840,Man,尹策
7841,Man,谷登兵
7842,Man,彭恒云
7843,Man,牟葵英
7844,Man,江正书
7846,Man,关伟晖
7850,Man,陈坤荣
7854,Man,芦云锬
7855,Man,张平俐
7857,Man,王耕
7858,Man,莫洪
7861,Man,孟津红
7865,Man,王韫华
7866,Man,焦秋利
7870,Man,朱月园
7871,Man,邢静颖
7873,Man,施木火
7877,Man,高璜瑶
7879,Man,游子伦
7880,Man,陈目德
7882,Man,尤云燕
7883,Man,单恒军
7885,Man,汪晨龙
7886,Man,叶继强
7887,Man,贺小儿
7888,Man,衡兴凯
7889,Man,杨相妙
7890,Man,朱蓬根
7891,Man,李智聚齐
7896,Man,黄吉
7899,Man,赵程昆
7900,Man,涂民静
7901,Man,汤海莲
7903,Man,葛重九
7904,Man,郭慧建
7906,Man,朱智川
7907,Man,詹华岳
7910,Man,张P骞
7911,Man,张少慈
7915,Man,朱瑞武
7916,Man,刘必均
7917,Man,吴成元
7918,Man,田臬
7921,Man,闫思思
7922,Man,陆洋军
7924,Man,刘宗瑾
7926,Man,马俊儒
7927,Man,葛秀娜
7930,Man,蒲洪荣
7931,Man,樊倩莹
7932,Man,席中伟
7933,Man,丁平先
7936,Man,俞艳婷
7938,Man,廖勤勤
7940,Man,赖河姣
7942,Man,张明皎
7944,Man,卜庄伟
7946,Man,田玉禾
7947,Man,徐震国
7949,Man,夏雨妍
7950,Man,林鑫荣
7952,Man,周燕静
7955,Man,秦春光
7956,Man,占银保
7958,Man,江月嫦
7959,Man,刘庭
7960,Man,嵇玉祥
7962,Man,陈常喜
7963,Man,麻吵
7964,Man,范渝康
7966,Man,常竹峰
7969,Man,周赛金
7972,Man,梁慧中
7975,Man,伍志敏
7976,Man,王薛峰
7977,Man,段根柱
7978,Man,侯书芳
7979,Man,张后能
7981,Man,徐云玉
7984,Man,周理智
7985,Man,孟学艺
7986,Man,徐道标
7987,Man,肖东方
7988,Man,夏加弟
7989,Man,詹凌子
7991,Man,郑艺雄
7992,Man,方建春
7993,Man,燕庆灵
7995,Man,高明昆
7997,Man,阮俊锋
7999,Man,黄和仪
8000,Man,商纪文
8001,Man,陈奕润
8002,Man,吴熠婷
8003,Man,任李鹏
8004,Man,邱洁璐
8005,Man,余永源
8007,Man,袁钻钢
8008,Man,罗如方
8009,Man,卢继干
8010,Man,袁嘉云
8013,Man,沈美雁
8017,Man,赵资华
8018,Man,梁会
8019,Man,冯丹娃
8022,Man,阳革生
8025,Man,罗罕荣
8029,Man,薛祖良
8032,Man,冯伊丽
8034,Man,王植兰
8035,Man,贾兴河
8037,Man,刘经昱
8038,Man,赵辰霞
8041,Man,苏佳锨
8044,Man,韩根妹
8045,Man,强合荣
8046,Man,吴清抛
8048,Man,徐俞赢
8050,Man,李天忠
8051,Man,曾明凤
8053,Man,邹明锋
8055,Man,陈胡春
8062,Man,殷晓云
8063,Man,薛玉贞
8064,Man,庄新东
8065,Man,铁蕴珂
8070,Man,沈雅芝
8071,Man,程述平
8072,Man,王晨璐
8073,Man,姜夕录
8074,Man,常凤青
8075,Man,傅宾
8076,Man,申屠柯娜
8077,Man,张程旭
8078,Man,石万芹
8079,Man,谭剑鸣
8080,Man,刘登莉
8081,Man,叶友龙
8082,Man,侯亮明
8084,Man,张达威
8088,Man,郦姿
8091,Man,连奇浩
8093,Man,连文保
8098,Man,刘乃艽
8099,Man,邢松楠
8100,Man,章军惠
8102,Man,王瑞双
8103,Man,孟光英
8104,Man,沈玉晖
8105,Man,戴瑞钢
8106,Man,宋来法
8107,Man,陶民福
8110,Man,石铝霞
8113,Man,邵文征
8114,Man,焦安波
8115,Man,张艺森
8116,Man,桑媛
8117,Man,牛崇岳
8119,Man,耿在英
8120,Man,谌缨
8123,Man,方荔城
8126,Man,梁超伟
8127,Man,孔凡弟
8129,Man,姜林伟
8130,Man,向守欣
8133,Man,李得畅
8134,Man,楼坚忠
8135,Man,赵永深
8139,Man,康有斌
8141,Man,富秀峰
8143,Man,万晓京
8144,Man,李二菊
8146,Man,蒋大侠
8147,Man,叶丽凤
8148,Man,王东融
8149,Man,陈B明
8150,Man,贺小燕
8151,Man,李丹池
8153,Man,罗玲珊
8155,Man,黄村勤
8156,Man,谢汉美
8160,Man,周财大洪爱芬
8161,Man,赵运章
8164,Man,鲁黎亮
8165,Man,郭宝容
8166,Man,石太亮
8168,Man,周淑晶
8169,Man,魏舒文
8175,Man,岑海涛
8179,Man,周徐东南
8180,Man,冯红高
8181,Man,张惠t
8182,Man,郭杰成
8183,Man,袁杏真
8185,Man,吕丰
8186,Man,邱友强
8187,Man,张红旗日
8190,Man,鲁莺
8192,Man,方艳虎
8193,Man,黄自美
8196,Man,吴冕
8199,Man,牛景达
8200,Man,杨向升
8201,Man,荆红光
8202,Man,叶瑗珲
8203,Man,姜小博
8204,Man,陈伟喜
8206,Man,兰榈
8208,Man,徐道生
8209,Man,尤雨旋
8210,Man,姚恩茂
8211,Man,刘桂馨
8213,Man,林淑娴
8214,Man,刘晋逸
8215,Man,林律清
8219,Man,刘兆春
8221,Man,诸亚丹
8222,Man,祝佳君
8224,Man,钟锦宝
8226,Man,盛雪珍
8228,Man,慕容显斌
8229,Man,闫玉敏
8231,Man,李居林
8232,Man,苏怡冰
8233,Man,孟祥挺
8235,Man,郝丕厂
8236,Man,袁宏兵
8238,Man,张一楠
8239,Man,季大怀
8240,Man,卢文福
8242,Man,程常青
8244,Man,赖火明
8245,Man,苏米亚
8252,Man,曲双玲
8253,Man,江钊和
8254,Man,王荣谦
8255,Man,庚新艳
8259,Man,杨婉枫
8263,Man,柯秀媛
8265,Man,李德营
8267,Man,闫一平
8268,Man,戴赛亚
8271,Man,吴敏丹
8272,Man,韩祥萍
8273,Man,潘如
8276,Man,张兰贵
8278,Man,黄平凤
8279,Man,陈秋里
8280,Man,穆赞
8282,Man,徐云琼
8283,Man,俞国标
8285,Man,郑方社
8290,Man,杨清枫
8292,Man,于阿斯
8294,Man,肖淑君
8295,Man,张渊洁
8297,Man,樊俊静
8300,Man,张颜薪
8301,Man,闫飞虎
8304,Man,裴逢唤
8305,Man,吕辉辉
8306,Man,史其康
8307,Man,姚辰元
8308,Man,童仓翼
8311,Man,周华溢
8314,Man,宋执俊
8315,Man,梁赤生
8316,Man,陆明东
8317,Man,鲁彦晨
8321,Man,薛冰姿
8322,Man,冯荤斌
8323,Man,蒋仁明
8329,Man,刘冬宁
8331,Man,邓君慧
8332,Man,任迎晓
8333,Man,杜国栋
8338,Man,梦金如
8339,Man,吴戟
8342,Man,丁超薇
8343,Man,曾佛民
8345,Man,佘尚庆
8346,Man,张育钧
8347,Man,王佳发
8350,Man,邝诗儿
8351,Man,王淑妍
8353,Man,钟晓中
8355,Man,樊永欣
8359,Man,于吉伍
8360,Man,吴牧霆
8362,Man,刁品清
8363,Man,曹友交
8364,Man,陈二锋
8365,Man,徐一萍
8368,Man,魏有政
8370,Man,任雄辉
8372,Man,周巨丰
8373,Man,张雷一
8375,Man,陆雯琴
8376,Man,王孔友
8378,Man,施文婷
8380,Man,丁春香
8381,Man,赖小连
8382,Man,吴仁塔
8386,Man,梁朝弼
8391,Man,韩旭鹏
8393,Man,田培新
8394,Man,林闪
8396,Man,叶青辉
8401,Man,薛亮华
8402,Man,燕承振
8403,Man,石芳杰
8407,Man,许论斌
8411,Man,何树涛
8414,Man,万新建
8416,Man,蔡莹
8418,Man,赖雅君
8420,Man,康小鹏
8421,Man,何远容
8423,Man,郝佳音
8424,Man,李福彬
8425,Man,肖娇凤
8426,Man,苏州木渎珠江路店
8427,Man,王科红
8428,Man,杨铠鸣
8429,Man,毛永威
8432,Man,糜长清
8434,Man,文德坚
8435,Man,丁月忠
8437,Man,茹锋
8439,Man,周新林
8440,Man,朱至鑫
8441,Man,孙峰海
8442,Man,郑莽
8446,Man,沈维波
8447,Man,唐信琼
8449,Man,董铁良
8456,Man,周利梅会
8457,Man,梁惟华
8458,Man,连冬运
8460,Man,杨贞忠
8461,Man,邹兴生
8471,Man,臧桂花
8473,Man,程左华
8474,Man,潘轶
8475,Man,于枝迟
8476,Man,於怡青
8477,Man,林v达
8481,Man,龚为桥
8482,Man,蔡如堂
8484,Man,郎美慧
8485,Man,岳玉宝
8487,Man,陈贶
8488,Man,江宇英
8493,Man,梅山蒿
8494,Man,全耀蓬
8498,Man,王康妹
8499,Man,郝伟红
8502,Man,洪芝兰
8506,Man,谈士东
8507,Man,高幼宁
8508,Man,夏远宇
8512,Man,刘平河
8514,Man,熊丽平
8516,Man,邱龙仔
8518,Man,郝炳和
8519,Man,詹榜芬
8524,Man,沈连石
8525,Man,贺秀军
8527,Man,廖小花
8529,Man,沈陈慰
8532,Man,黄文伞
8536,Man,李克芝
8537,Man,殷帮俊
8538,Man,代淑容
8539,Man,卢殿芳
8542,Man,徐香乔
8547,Man,汤叶枫
8548,Man,屠燕春
8551,Man,姬椒
8552,Man,李明梁
8556,Man,郭静美
8557,Man,彭亚新
8562,Man,金安详
8563,Man,毛巧娜
8565,Man,黄其林
8568,Man,南艳红
8572,Man,切本加
8574,Man,聂驱
8576,Man,王龄悦
8578,Man,李艳凡
8579,Man,程静蕾
8581,Man,杨学增
8583,Man,汤国杰
8584,Man,汪佩荣
8586,Man,黄稚棚
8587,Man,魏得敏
8589,Man,肖家曦
8590,Man,梁炜杰
8591,Man,钱爱珠
8592,Man,苏茂国
8594,Man,陈邦彬
8596,Man,姬广霞
8597,Man,杜才朋
8599,Man,古晨芳
8602,Man,贾蕴
8605,Man,校书秀
8607,Man,沈世强
8608,Man,郭阶龙
8609,Man,韦德荣
8611,Man,陈
8612,Man,许来凰
8615,Man,郑宜贵
8617,Man,董红刚
8618,Man,董俊洁
8620,Man,朱申生
8621,Man,周靖阳
8628,Man,安伟英
8629,Man,苗陆泉
8630,Man,尹杰
8635,Man,熊琦
8637,Man,何帮会
8638,Man,刘文虔
8648,Man,蒲先训
8649,Man,刘译繁
8653,Man,魏天元
8655,Man,王春领
8656,Man,叶秀菊
8658,Man,陈剑辉
8662,Man,唐恋
8665,Man,励晓频
8667,Man,沈华赫
8670,Man,许泽坤
8671,Man,美团刘师姣
8673,Man,汪坤城
8674,Man,朱会坤
8676,Man,汪前宏
8678,Man,王咏强
8679,Man,曾林志
8681,Man,付海宾
8685,Man,兰东琳
8688,Man,詹易宝
8691,Man,史渝琳
8693,Man,陈啸桦
8695,Man,率红莉
8698,Man,吴小泉
8699,Man,赵转花
8702,Man,钟点孔碎田
8703,Man,林维
8704,Man,饶红东
8705,Man,刘桂柱
8710,Man,孙尊芳
8711,Man,章晨春
8714,Man,于亚民
8716,Man,杨坤仕
8717,Man,汤国芳
8718,Man,张希兰
8720,Man,王锶
8723,Man,陈捷慧
8724,Man,莫绍洪
8726,Man,闻海平
8727,Man,邱巍巍
8730,Man,高以抗
8732,Man,戴佑琳
8733,Man,茹硼蹋
8734,Man,万旋
8737,Man,奚菊芬保密
8739,Man,薛树彬
8740,Man,韦福兵
8741,Man,钟述诚
8743,Man,翟中葳
8748,Man,谢励成
8750,Man,阳红霞
8751,Man,薛如智
8755,Man,吴存真
8758,Man,曹义凯
8760,Man,吴天斌
8761,Man,庄庆宝
8762,Man,徐文贵
8763,Man,张祥翊
8765,Man,柯雷
8766,Man,张中琼
8769,Man,毋慧娟
8770,Man,郑怡萍
8775,Man,况月美
8776,Man,梁小南
8778,Man,束方霞
8779,Man,万生俊
8782,Man,朱筱萍
8783,Man,杨振蒙
8785,Man,宋振荏
8786,Man,孙宽其
8789,Man,鞠晓刚
8790,Man,李柏城
8791,Man,邢跃萍
8792,Man,卞志军
8796,Man,丁志平
8802,Man,杨无坤
8805,Man,王增申
8806,Man,黄俊科
8811,Man,方诗铃
8812,Man,陈哈一
8813,Man,厉陈杰
8815,Man,兰明勇
8817,Man,蓝慧婷
8820,Man,倪雅宁
8821,Man,潘为仁
8823,Man,徐时弘
8824,Man,刘龙和
8825,Man,熊婧
8827,Man,师广毅
8828,Man,石路兵
8835,Man,李冀莲
8840,Man,吕炜悟
8843,Man,高竟武
8844,Man,赵芳琪
8845,Man,范月祥
8850,Man,余庆年
8851,Man,吴克琼
8853,Man,周雪斌
8855,Man,王阳夭
8862,Man,徐美平
8864,Man,刘和臣
8869,Man,王尤
8870,Man,曹炜婷
8871,Man,何敏杰
8877,Man,蔡铭润
8879,Man,荣长瑞
8881,Man,徐晋璋
8885,Man,段其选
8886,Man,单瑛琦
8888,Man,廖晨博
8889,Man,韩安洪
8891,Man,康岑岑
8892,Man,谢余浩
8897,Man,张艳明
8898,Man,潘杭明
8900,Man,宋兴德
8901,Man,项仁洋
8904,Man,江仙菁
8908,Man,严中华
8912,Man,姜鹂
8915,Man,赵又辉
8916,Man,黄建凤
8918,Man,李委明
8920,Man,宋裕华
8921,Man,彭炳辉
8922,Man,武朝耕
8923,Man,孙洪双
8924,Man,范瑞沐
8927,Man,唐国芹
8930,Man,朱竹
8931,Man,高静岩
8934,Man,祝立英
8940,Man,焦首溶
8942,Man,李延夏
8944,Man,李润洁
8947,Man,潘佳
8950,Man,仇淑芹
8954,Man,郝茂虎
8955,Man,高马
8957,Man,耿
8958,Man,郑州郑汴路店
8960,Man,潘雨铃
8963,Man,刘亚智
8965,Man,林寄波
8970,Man,欧阳天宋
8974,Man,潘小浪
8977,Man,侍雪
8978,Man,王卓洪
8981,Man,郝红丽
8985,Man,佳P
8986,Man,付西平
8988,Man,张勤敬
8990,Man,徐皑冬
8996,Man,何卓鹏
8997,Man,吴境
8998,Man,逯海朋
8999,Man,杨发德
9000,Man,严财兴
9001,Man,吴臣方
9003,Man,李东坡
9005,Man,聂逢元
9006,Man,汪辰静
9007,Man,方宏仙
9009,Man,高揖仑
9010,Man,戚志红
9016,Man,刘石敏
9017,Man,宋杰洁
9021,Man,叶寒延
9022,Man,徐庶晨
9023,Man,赵呈伟
9029,Man,叶静
9032,Man,丁夭慧
9033,Man,龙在红
9034,Man,逄金萍
9035,Man,贾园决
9038,Man,杨王乐
9041,Man,石崇景
9043,Man,潘连华
9047,Man,范孝真
9048,Man,魏文漪
9050,Man,林丁火
9052,Man,林松亮
9056,Man,温慧玲
9059,Man,李铁鹏
9060,Man,付月琴
9061,Man,熊志捷
9062,Man,毋科杰
9063,Man,王俊峤
9066,Man,闫保东
9067,Man,张惠玉
9068,Man,沈树苗
9071,Man,蔡忆雯
9073,Man,徐来仔
9074,Man,孔韦韦
9075,Man,黄兆廷
9076,Man,崔月明
9078,Man,苗士兵
9081,Man,丁利生
9091,Man,鸿祥
9094,Man,董桐彤
9095,Man,肖良秋
9096,Man,秦晓霜
9098,Man,刘均芳
9107,Man,高海夭
9109,Man,郑守芝
9111,Man,沈法泉
9112,Man,付美方
9113,Man,孙雯佳
9115,Man,胡途
9117,Man,靖木伟
9118,Man,李骐良
9120,Man,施敏凤
9121,Man,刘沛甫
9125,Man,牛巧敏
9128,Man,董子日
9129,Man,郝鸿程
9130,Man,汤奇罕
9132,Man,刘荔彬
9135,Man,曲广娟
9143,Man,竺瑞国
9144,Man,瞿文龙
9145,Man,白永财
9146,Man,沈兴夫
9147,Man,韩樊
9148,Man,章建虎
9151,Man,金鑫超
9152,Man,柳虹亚
9153,Man,李怀仁
9154,Man,何洪文
9155,Man,周遵云
9156,Man,吴星瑶
9157,Man,黄臻华
9159,Man,张仁康
9160,Man,江善福
9165,Man,包英姝
9166,Man,马向真
9168,Man,王啸海
9170,Man,杨道环
9171,Man,康佳洁
9172,Man,阮泽霖
9173,Man,吕延哲
9175,Man,陶亚珠
9179,Man,陈向吉
9180,Man,方成超
9181,Man,吴坤磊
9183,Man,赵忠芬
9185,Man,王忠凯
9191,Man,张凌清
9193,Man,武宁宁
9194,Man,璩凡飞
9195,Man,董奕
9198,Man,刘圣婷
9199,Man,廖朝辉
9201,Man,董成献
9202,Man,余合山
9204,Man,钟迪生
9209,Man,景云龙
9215,Man,周前美
9216,Man,陈瑞棠
9219,Man,郑子懿
9222,Man,郑运亮
9224,Man,自玺巳
9226,Man,陈向朋
9228,Man,邹雅畅
9233,Man,陈长铅
9234,Man,邵益婷
9236,Man,洪明星
9238,Man,潘树银
9242,Man,张振连
9243,Man,谭加艳
9244,Man,王锡定
9245,Man,谢志镭
9248,Man,邱址
9249,Man,燕朋英
9253,Man,蒋俊翔
9255,Man,白炳巍
9257,Man,徐晨龙
9260,Man,王娜英
9262,Man,全静静
9265,Man,林俏华
9267,Man,杨云兰
9268,Man,周洪君
9272,Man,田文初
9274,Man,叶明泉
9275,Man,刘悦
9276,Man,徐龙闪
9277,Man,刘燕珠
9278,Man,陈新军
9281,Man,卜奎
9282,Man,邓有峰
9285,Man,胡万发
9286,Man,蔡园美
9287,Man,米新泊
9288,Man,倪家骏
9289,Man,陈文芳
9290,Man,常玉森
9291,Man,更杂江
9293,Man,黄亦梅
9296,Man,应月明
9300,Man,张淑当
9301,Man,裴凤来
9302,Man,徐登威
9303,Man,邢克秋
9304,Man,巢征波
9307,Man,高苏榕
9308,Man,胡s文
9311,Man,越君
9313,Man,饶忠凤
9314,Man,张琴丽
9316,Man,许雷涛义
9317,Man,黄利虹
9319,Man,林建漫
9323,Man,于卓丽
9326,Man,肖日贵
9329,Man,纪子瞳
9330,Man,沈玉鑫
9331,Man,徐小娓
9334,Man,何奇洗
9336,Man,卢佩川
9339,Man,俞钱君
9341,Man,汤丹明
9342,Man,汪碧月
9343,Man,祝万有
9344,Man,郭炳彤
9345,Man,汤家亮
9346,Man,史夭东
9347,Man,邓宇忠
9348,Man,焦柯克
9349,Man,钟燕雄
9350,Man,翟松岳
9351,Man,松浦彩乃
9353,Man,朱逸华
9355,Man,任慧如
9357,Man,袁郑生
9359,Man,丁开山
9360,Man,唐美睁
9363,Man,任晗茜
9364,Man,司政
9368,Man,茜晓勇
9369,Man,闫明坤
9372,Man,吴武德
9373,Man,尉晓芳
9374,Man,马志恒
9376,Man,王书扉
9377,Man,包雍仙
9378,Man,庄庆秋
9384,Man,陈荆明
9385,Man,薛惠芬
9386,Man,林九永
9387,Man,彭嘉懿
9388,Man,王炳兰
9389,Man,李广贤
9390,Man,孙召南
9391,Man,许田田
9395,Man,刘运艳
9397,Man,李永创
9398,Man,廖宝星
9400,Man,陈舒瀚
9403,Man,张胜章
9404,Man,包雅楠
9407,Man,钞明丽
9408,Man,颜朋亚
9409,Man,陈晓强
9410,Man,唐奇涟
9411,Man,孙喜辉
9414,Man,徐伯栋
9417,Man,国云贺
9418,Man,杨大旭
9421,Man,黄树朋
9424,Man,倪芝兰
9425,Man,凌振南
9427,Man,雷敏琪
9428,Man,胡吉禄
9430,Man,史霞
9431,Man,黄宸轩
9432,Man,邢宝贵
9434,Man,陈祥志
9438,Man,王
9443,Man,郑小磊
9445,Man,杭仁娟
9446,Man,包盛
9449,Man,楼珊珊
9451,Man,张嘉礼
9452,Man,竺晴照
9455,Man,柴亚琦
9456,Man,郑科泽
9458,Man,王玉罡
9459,Man,阳征
9462,Man,庄丹妮
9464,Man,雷友德
9468,Man,辛崇凤
9469,Man,万荣峰
9470,Man,李瑜博
9473,Man,廖立竖
9475,Man,程振敏
9479,Man,李甲三
9482,Man,赵斯雅
9485,Man,付风琴
9486,Man,张冉岳
9487,Man,苏进山
9489,Man,范紫薇
9490,Man,腾宏禹
9494,Man,胡红强
9496,Man,庞呈强
9499,Man,徐梓政
9504,Man,尚景华
9505,Man,岳海波
9509,Man,徐泽婷
9512,Man,梁丽微
9514,Man,潘湘梅
9515,Man,吴京星
9518,Man,龚迎新
9520,Man,殷敏雅
9521,Man,许家骆
9522,Man,董春会
9527,Man,宋宝媛
9528,Man,张玮璐
9530,Man,刘太昂
9531,Man,王曜逵
9533,Man,茹皿兆加
9535,Man,黎乃杰
9536,Man,范丰兵
9538,Man,郝李丽
9541,Man,张自国
9543,Man,乔信
9544,Man,董林林
9545,Man,李广靖
9547,Man,赵改娥
9548,Man,肖大鹏
9551,Man,张跃葵
9554,Man,苏祥靖
9555,Man,惠潇
9556,Man,张岳锴
9557,Man,陈卫依
9560,Man,姚蓝红
9562,Man,陈鹰雷
9563,Man,李禄巧
9565,Man,于汉亭
9566,Man,段文昊
9568,Man,孙乾凯
9573,Man,柳德万
9574,Man,刘蜀琴
9575,Man,雷苑宁
9576,Man,段落华
9577,Man,武章萍
9582,Man,赵宇林
9584,Man,卜思南
9585,Man,白洁平
9588,Man,王圣尧
9589,Man,蔡晓Z
9590,Man,赫建平
9591,Man,蔡哥尔
9593,Man,赵晨迪
9594,Man,吴爱风
9596,Man,龚碧
9599,Man,袁根浩
9600,Man,韩永洪
9601,Man,朱加兵
9602,Man,贺学剑
9603,Man,秦朝英
9605,Man,苗毅卫
9607,Man,沈宸亦
9609,Man,傅丁瑶
9611,Man,崇惠云
9613,Man,代学武
9614,Man,王远旺
9615,Man,皇甫德峰
9618,Man,陈思依
9619,Man,岩田亮始
9621,Man,周网网
9623,Man,郜现军
9624,Man,戴钥
9627,Man,黄依佩
9631,Man,林雨枫
9634,Man,潘付江
9635,Man,丁耀征
9636,Man,童羽豪
9638,Man,郭江南
9639,Man,李传兵
9641,Man,韩颉
9645,Man,宋思明
9647,Man,苟玉华
9648,Man,吴巧琦
9649,Man,贾桂亮
9650,Man,季云杰
9654,Man,段旭芸
9655,Man,叶国建
9656,Man,郎永胜
9658,Man,祁兴福
9659,Man,李旖晗
9662,Man,曹丽疆
9663,Man,左传玉
9666,Man,曾宪阔
9668,Man,张菊胜
9671,Man,向兴燕
9676,Man,章明书
9680,Man,曾俭恭
9682,Man,郭昕涛
9685,Man,侯敬礼
9687,Man,邱利伟
9689,Man,尤诗洋
9690,Man,燕彩玉
9691,Man,樊水丹
9692,Man,季震洲日
9693,Man,吉同舟
9694,Man,屈昱篁
9696,Man,江森平
9699,Man,隋仁良
9700,Man,李卓识
9702,Man,盛清照
9704,Man,刘道超
9705,Man,项中智
9711,Man,安振岭
9715,Man,原志博
9716,Man,吴蓝梅
9717,Man,柯旭蕃
9722,Man,秦经波
9725,Man,王甸奇
9730,Man,王良绍
9731,Man,高月阳
9732,Man,余粤阳
9735,Man,景兰昕
9739,Man,史廷旭
9740,Man,王作召
9741,Man,王美哲
9742,Man,江天安
9743,Man,储友凤
9747,Man,罗如东
9748,Man,马新辉
9749,Man,梅新曲
9750,Man,金昌耀
9753,Man,叶宁武
9754,Man,解慧慧
9757,Man,程灿兵
9758,Man,师何朋
9761,Man,唐崇舜
9762,Man,巫文结
9763,Man,钱贵益
9765,Man,赵子轶
9768,Man,步宏皓
9769,Man,柴利峰
9770,Man,关宏
9772,Man,朱震纲
9775,Man,蒋丹宝
9779,Man,俞诗桃
9780,Man,刘晨雨
9782,Man,毕乐超
9783,Man,吴宗闯
9784,Man,张夕生
9785,Man,宋世芳
9788,Man,冯丽丽
9792,Man,李燕香
9793,Man,赵翼彪
9795,Man,杜雨露
9796,Man,欧阳江畔
9797,Man,邵伟俊
9799,Man,杜伟炎
9803,Man,徐兰翠
9804,Man,于志军
9806,Man,虞桂林
9809,Man,傅君波
9811,Man,陈伦艳
9815,Man,周宗树
9817,Man,阚泽昊
9819,Man,卢露思
9824,Man,徐军吉
9826,Man,陆勋
9828,Man,王德星
9829,Man,龚曼丽
9832,Man,辛亚洁
9833,Man,夏怡萍
9838,Man,张宇新
9841,Man,戴灵杰
9842,Man,顾维娜
9843,Man,钱卓成
9844,Man,翟靖宇
9847,Man,惠兆森
9848,Man,江学科
9850,Man,吴光利
9853,Man,崔嘉琳
9854,Man,史德飞
9855,Man,朱慧虹
9856,Man,戴佐成
9857,Man,林鑫贺
9863,Man,薛祥光
9865,Man,许安阳
9867,Man,徐鑫彬
9869,Man,王岚鑫
9870,Man,白俊江
9872,Man,黎林坤
9873,Man,石洪风
9874,Man,董佳鸣
9875,Man,于发景
9876,Man,宋中基
9877,Man,郭宝香
9880,Man,曹璞
9882,Man,郑艺萍
9884,Man,孙洪谱
9885,Man,甘宾
9887,Man,左琼
9888,Man,姚洪芳
9890,Man,苗晓英
9894,Man,呼延五洲
9895,Man,武敏义
9896,Man,韩位霞
9902,Man,姬海瀛
9905,Man,王觉真
9906,Man,王素伟
9909,Man,周艳宏
9910,Man,高桂忠
9914,Man,张成领
9916,Man,徐沛国
9917,Man,金宁珍
9919,Man,段树盛
9920,Man,万亮亮
9921,Man,严闽
9923,Man,廖竟如
9924,Man,刘莉
9925,Man,程碎科
9927,Man,崔作全
9928,Man,董明莉
9932,Man,朱朝铖
9933,Man,龚笑石
9936,Man,胡志常
9938,Man,付梦迪
9939,Man,付天容
9940,Man,钟延旭
9941,Man,张乐然
9944,Man,中交四局
9945,Man,洪银弟
9947,Man,冯济远
9948,Man,叶秋媚
9950,Man,余明琴
9951,Man,唐银煌
9952,Man,董司芳
9953,Man,茅千秋
9955,Man,龙照军
9960,Man,张继瑜
9961,Man,徐静新
9964,Man,区倩英
9965,Man,曹玉花
9966,Man,刘有奇
9969,Man,徐傲霜
9972,Man,许莎丽
9973,Man,黄祖俊
9974,Man,王贻红
9979,Man,岳慧敏
9980,Man,涂开莲
9982,Man,黄文岩
9983,Man,葛乔庆
9984,Man,潘留国
9986,Man,马毓合
9989,Man,刘守蓉
9994,Man,任术荣
9995,Man,李哲山
9996,Man,朱蓉芬
9997,Man,卢方辉
9998,Man,余淳普
9999,Man,王瑷
10000,Man,陈腊宝
10003,Man,叶秀婷
10005,Man,赵威日
10007,Man,杨松琳
10008,Man,姚忆帆
10011,Man,张华田
10012,Man,朱曾英
10013,Man,邓玉朋
10014,Man,王灼敏
10015,Man,凌梦娜
10016,Man,姚佳依
10020,Man,董宝昆
10021,Man,郑双林
10025,Man,何灿忠
10027,Man,郝桂英
10028,Man,金征华
10031,Man,单绍杰
10036,Man,廖荣裕
10040,Man,律忠宝
10041,Man,邱帼芸
10042,Man,徐公森
10044,Man,陈士军
10045,Man,党月生
10046,Man,张桂根
10047,Man,潘地康
10057,Man,罗佳炜
10058,Man,江宏勇
10059,Man,石梦雯
10060,Man,闫晓隆
10063,Man,鞠焕杰
10064,Man,王金阶
10065,Man,曾晓艳
10067,Man,朱贤达
10072,Man,史万亮
10075,Man,陈鸣英
10076,Man,杨隽怡
10078,Man,黄穗萍
10082,Man,轩高峰
10086,Man,黄子乐
10087,Man,刘德鱼
10088,Man,王晓军
10090,Man,梁雪珠
10091,Man,赵雪科
10094,Man,蒋位康
10096,Man,曹燕霓
10097,Man,韩振怀
10099,Man,徐地动
10100,Man,董金豹
10101,Man,易梅清
10102,Man,曾随
10103,Man,张科达
10104,Man,辛明安
10107,Man,敖登格日乐
10108,Man,张伟君
10110,Man,陶奕舟
10112,Man,胡津涛
10113,Man,应祺杨
10114,Man,姜沛林
10115,Man,蒋少茵
10116,Man,栗佳弟
10119,Man,赖伟科
10121,Man,王模宽
10122,Man,华娟新
10124,Man,徐炜兴
10126,Man,丁蕴婷
10127,Man,曹玉博
10129,Man,徐立旺
10132,Man,黄谋进
10133,Man,罗义
10136,Man,蔡穗香
10138,Man,候保宁
10143,Man,高广秦
10144,Man,侯方永
10145,Man,万丽清
10147,Man,韩柠蔚
10148,Man,陶正印
10149,Man,包金青
10151,Man,傅延文
10152,Man,杨吕米
10154,Man,胡利鸿
10156,Man,仲悦
10158,Man,寻友中
10162,Man,马秀洲
10165,Man,黄院
10167,Man,钟平心
10171,Man,吕仲恺
10178,Man,刘宪洋
10180,Man,陈宝磋
10181,Man,汪翠芳
10184,Man,南部勤
10186,Man,聂锦宏
10192,Man,彭就
10193,Man,靳蕊
10195,Man,柯再良
10196,Man,周寿传
10197,Man,王治和
10202,Man,谢蓁蓁
10203,Man,宫里司
10205,Man,郑秦元
10206,Man,金小剑
10207,Man,王乙锋
10208,Man,加烨
10210,Man,徐靖轶
10212,Man,计玮炜
10213,Man,鲁德伟
10215,Man,魏崃
10216,Man,洪正颐
10219,Man,高鸿晨
10220,Man,郭苏峰
10221,Man,宋月星
10224,Man,单佳俊
10226,Man,舒昆生
10228,Man,林玉旺
10229,Man,王梨梨
10230,Man,赵以荣
10231,Man,宗德弟
10234,Man,张娇莲
10235,Man,卫扬中
10237,Man,朱芳冰
10238,Man,董社勤
10241,Man,孙剑川
10244,Man,范家东
10246,Man,石宇姝
10247,Man,孙贵磊
10249,Man,承铁忠
10254,Man,莫定洪
10255,Man,滩先启
10260,Man,隋守喜
10266,Man,曹照军
10268,Man,张阿招
10269,Man,周玖付
10270,Man,徐礼铭
10273,Man,董方敏
10276,Man,莫庭蓉
10277,Man,胡涵煦
10279,Man,罗伯敲
10280,Man,朱延岭
10281,Man,王生进
10282,Man,沈生娥
10283,Man,孙希曦
10285,Man,杨显军
10287,Man,邵笑明
10289,Man,俞小杰
10290,Man,吴金如
10291,Man,荣章成
10292,Man,白长玲
10296,Man,胡兼
10298,Man,郝斯博
10301,Man,柴小川
10302,Man,顾坤莹
10303,Man,李绮思
10304,Man,钟森波
10305,Man,乔福春
10306,Man,赖小科
10309,Man,曾杏珍
10313,Man,耿旭军
10314,Man,周洪山
10315,Man,胡梅欣
10316,Man,李春援
10319,Man,周继信
10323,Man,蔡月才
10324,Man,曹曾意
10326,Man,鲁志翔
10327,Man,秦嘉泽
10328,Man,植锡军
10335,Man,蔡士见
10341,Man,黄英玲
10344,Man,耿双庆
10348,Man,包良满
10349,Man,戴知君
10350,Man,罗应崇
10352,Man,李占法
10354,Man,茅华宇
10355,Man,赵典锋
10356,Man,范宗琪
10357,Man,费浩昱
10358,Man,周家庆
10359,Man,韩丽晨
10360,Man,罗远相
10364,Man,尹珊
10366,Man,王志天
10367,Man,石二子
10370,Man,高夭婕
10371,Man,黄翩
10372,Man,张亚晨
10373,Man,季冬玲
10374,Man,梅晓瑜
10378,Man,傅子奇
10379,Man,赵景祥
10380,Man,刘月蟾
10381,Man,x深M
10382,Man,李伯江
10383,Man,金才波
10391,Man,唐毅国
10392,Man,邱会林
10396,Man,钟德峻
10399,Man,曾金盛
10402,Man,熊芳花
10403,Man,陈丹芳
10410,Man,丁文利
10411,Man,段耐寒
10412,Man,应续航
10416,Man,安诒
10418,Man,门上
10420,Man,郝军凯
10422,Man,谢共平
10425,Man,窦梦玉
10426,Man,谈肖
10428,Man,罗健冲
10431,Man,刘治海
10433,Man,罗少平
10434,Man,林怡婷
10437,Man,应月燕
10438,Man,沈作强
10440,Man,鲜红英
10444,Man,蔡
10446,Man,章容芬
10447,Man,谢庭发
10449,Man,刘冰玉
10451,Man,潘颉清
10453,Man,吴孟华
10454,Man,辜良超
10455,Man,王尊良
10458,Man,陈哲焘
10462,Man,汪露霞
10463,Man,朱沛雯
10465,Man,朱婉君
10467,Man,宋仁玲
10468,Man,褚欢芹
10470,Man,柴菊梅
10472,Man,陈乙伟
10475,Man,陈逸洲
10476,Man,王佑妤
10477,Man,程东深
10479,Man,王兆资
10481,Man,康新兵
10486,Man,涛
10487,Man,何祥添
10488,Man,张俊嫫
10490,Man,丁传克
10491,Man,农咏
10492,Man,李翔民
10494,Man,申园圆
10498,Man,钱孝丰
10500,Man,马雪珠
10501,Man,徐逸
10502,Man,元又夏
10503,Man,宁小霖
10506,Man,江吉彬
10508,Man,廖文山
10511,Man,孙铭磊
10512,Man,解亚运
10514,Man,谢立聪
10515,Man,魏心妮
10521,Man,万鲁英
10523,Man,易启芬
10524,Man,邢汝霞
10526,Man,李力维
10527,Man,黄晓珠
10529,Man,江平玲
10530,Man,景晓琦
